observation_date,expiration_date,days_to_expiry,T,option_type,strike,moneyness,midPrice,spot,risk_free_rate,dividend_yield,bs_iv,IV
2025-07-18,2025-07-25,7,0.019178082191780823,call,292.0,0.9468529658227682,17.05,308.3900146484375,0.0426531506849315,0.004,0.287114415135928,0.2492
2025-07-18,2025-07-25,7,0.019178082191780823,call,293.0,0.950095612965997,16.03,308.3900146484375,0.0426531506849315,0.004,0.27032092898206844,0.19469999999999998
2025-07-18,2025-07-25,7,0.019178082191780823,call,294.0,0.9533382601092256,14.73,308.3900146484375,0.0426531506849315,0.004,0.19688798199899502,0.2133
2025-07-18,2025-07-25,7,0.019178082191780823,call,295.0,0.9565809072524543,13.68,308.3900146484375,0.0426531506849315,0.004,0.1689987029965069,0.2586
2025-07-18,2025-07-25,7,0.019178082191780823,call,296.0,0.9598235543956829,12.68,308.3900146484375,0.0426531506849315,0.004,0.15802344141927216,0.1716
2025-07-18,2025-07-25,7,0.019178082191780823,call,297.0,0.9630662015389115,11.75,308.3900146484375,0.0426531506849315,0.004,0.1669070186175904,0.23190000000000002
2025-07-18,2025-07-25,7,0.019178082191780823,call,297.5,0.9646875251105259,11.23,308.3900146484375,0.0426531506849315,0.004,0.15607997027296988,0.16920000000000002
2025-07-18,2025-07-25,7,0.019178082191780823,call,298.0,0.9663088486821402,10.73,308.3900146484375,0.0426531506849315,0.004,0.15018445375150183,0.1629
2025-07-18,2025-07-25,7,0.019178082191780823,call,299.0,0.9695514958253689,9.85,308.3900146484375,0.0426531506849315,0.004,0.16129557104867895,0.17550000000000002
2025-07-18,2025-07-25,7,0.019178082191780823,call,300.0,0.9727941429685976,8.93,308.3900146484375,0.0426531506849315,0.004,0.15962559518463415,0.2018
2025-07-18,2025-07-25,7,0.019178082191780823,call,301.0,0.9760367901118262,7.98,308.3900146484375,0.0426531506849315,0.004,0.15182785813162156,0.1555
2025-07-18,2025-07-25,7,0.019178082191780823,call,302.0,0.9792794372550548,7.18,308.3900146484375,0.0426531506849315,0.004,0.1580811135343184,0.1709
2025-07-18,2025-07-25,7,0.019178082191780823,call,302.5,0.9809007608266692,6.73,308.3900146484375,0.0426531506849315,0.004,0.15471994033199177,0.1673
2025-07-18,2025-07-25,7,0.019178082191780823,call,303.0,0.9825220843982835,6.3,308.3900146484375,0.0426531506849315,0.004,0.15262545419506945,0.16449999999999998
2025-07-18,2025-07-25,7,0.019178082191780823,call,304.0,0.9857647315415122,5.43,308.3900146484375,0.0426531506849315,0.004,0.14580526659088108,0.1555
2025-07-18,2025-07-25,7,0.019178082191780823,call,305.0,0.9890073786847409,4.68,308.3900146484375,0.0426531506849315,0.004,0.14531672235633036,0.1521
2025-07-18,2025-07-25,7,0.019178082191780823,call,306.0,0.9922500258279695,3.95,308.3900146484375,0.0426531506849315,0.004,0.1426573520078213,0.151
2025-07-18,2025-07-25,7,0.019178082191780823,call,307.0,0.9954926729711981,3.33,308.3900146484375,0.0426531506849315,0.004,0.14338730184152593,0.15
2025-07-18,2025-07-25,7,0.019178082191780823,call,307.5,0.9971139965428125,2.92,308.3900146484375,0.0426531506849315,0.004,0.13633072299700774,0.1489
2025-07-18,2025-07-25,7,0.019178082191780823,call,308.0,0.9987353201144268,2.64,308.3900146484375,0.0426531506849315,0.004,0.13618732438829914,0.1474
2025-07-18,2025-07-25,7,0.019178082191780823,call,309.0,1.0019779672576554,2.18,308.3900146484375,0.0426531506849315,0.004,0.13877204605954224,0.1476
2025-07-18,2025-07-25,7,0.019178082191780823,call,310.0,1.0052206144008842,1.73,308.3900146484375,0.0426531506849315,0.004,0.13798712761129459,0.14859999999999998
2025-07-18,2025-07-25,7,0.019178082191780823,call,311.0,1.0084632615441127,1.42,308.3900146484375,0.0426531506849315,0.004,0.14187536070156945,0.1507
2025-07-18,2025-07-25,7,0.019178082191780823,call,312.0,1.0117059086873414,1.11,308.3900146484375,0.0426531506849315,0.004,0.1421857973283385,0.1523
2025-07-18,2025-07-25,7,0.019178082191780823,call,312.5,1.0133272322589557,0.98,308.3900146484375,0.0426531506849315,0.004,0.1426415820512804,0.1543
2025-07-18,2025-07-25,7,0.019178082191780823,call,313.0,1.0149485558305702,0.86,308.3900146484375,0.0426531506849315,0.004,0.14291015367510013,0.1537
2025-07-18,2025-07-25,7,0.019178082191780823,call,314.0,1.0181912029737987,0.67,308.3900146484375,0.0426531506849315,0.004,0.14470175161938464,0.15460000000000002
2025-07-18,2025-07-25,7,0.019178082191780823,call,315.0,1.0214338501170275,0.51,308.3900146484375,0.0426531506849315,0.004,0.14574056971956378,0.15539999999999998
2025-07-18,2025-07-25,7,0.019178082191780823,call,316.0,1.024676497260256,0.4,308.3900146484375,0.0426531506849315,0.004,0.14860638745341107,0.1594
2025-07-18,2025-07-25,7,0.019178082191780823,call,317.0,1.0279191444034848,0.3,308.3900146484375,0.0426531506849315,0.004,0.14974051186342638,0.16190000000000002
2025-07-18,2025-07-25,7,0.019178082191780823,call,317.5,1.029540467975099,0.27,308.3900146484375,0.0426531506849315,0.004,0.15192520898065143,0.1611
2025-07-18,2025-07-25,7,0.019178082191780823,call,318.0,1.0311617915467135,0.23,308.3900146484375,0.0426531506849315,0.004,0.15202688007415352,0.16260000000000002
2025-07-18,2025-07-25,7,0.019178082191780823,call,319.0,1.034404438689942,0.18,308.3900146484375,0.0426531506849315,0.004,0.1551194486275545,0.1656
2025-07-18,2025-07-25,7,0.019178082191780823,call,320.0,1.0376470858331708,0.15,308.3900146484375,0.0426531506849315,0.004,0.1602120502844255,0.16820000000000002
2025-07-18,2025-07-25,7,0.019178082191780823,call,321.0,1.0408897329763993,0.11,308.3900146484375,0.0426531506849315,0.004,0.1611422115184985,0.1711
2025-07-18,2025-07-25,7,0.019178082191780823,call,322.0,1.044132380119628,0.09,308.3900146484375,0.0426531506849315,0.004,0.16539566641198009,0.1751
2025-07-18,2025-07-25,7,0.019178082191780823,call,322.5,1.0457537036912423,0.06,308.3900146484375,0.0426531506849315,0.004,0.15932408845018656,0.1765
2025-07-18,2025-07-25,7,0.019178082191780823,call,323.0,1.0473750272628566,0.07,308.3900146484375,0.0426531506849315,0.004,0.16809727806344832,0.1772
2025-07-18,2025-07-25,7,0.019178082191780823,call,324.0,1.0506176744060853,0.06,308.3900146484375,0.0426531506849315,0.004,0.17332878880257116,0.1822
2025-07-18,2025-07-25,7,0.019178082191780823,call,325.0,1.053860321549314,0.05,308.3900146484375,0.0426531506849315,0.004,0.1776265395752463,0.1859
2025-07-18,2025-07-25,7,0.019178082191780823,put,292.0,0.9468529658227682,0.04,308.3900146484375,0.0426531506849315,0.004,0.18374405276278113,0.1906
2025-07-18,2025-07-25,7,0.019178082191780823,put,293.0,0.950095612965997,0.05,308.3900146484375,0.0426531506849315,0.004,0.17962501956050614,0.18760000000000002
2025-07-18,2025-07-25,7,0.019178082191780823,put,294.0,0.9533382601092256,0.05,308.3900146484375,0.0426531506849315,0.004,0.1695060710158791,0.188
2025-07-18,2025-07-25,7,0.019178082191780823,put,295.0,0.9565809072524543,0.07,308.3900146484375,0.0426531506849315,0.004,0.16805276750711656,0.1791
2025-07-18,2025-07-25,7,0.019178082191780823,put,296.0,0.9598235543956829,0.08,308.3900146484375,0.0426531506849315,0.004,0.16102164618429426,0.1698
2025-07-18,2025-07-25,7,0.019178082191780823,put,297.0,0.9630662015389115,0.1,308.3900146484375,0.0426531506849315,0.004,0.15628791017036078,0.1653
2025-07-18,2025-07-25,7,0.019178082191780823,put,297.5,0.9646875251105259,0.11,308.3900146484375,0.0426531506849315,0.004,0.15339039289910258,0.1624
2025-07-18,2025-07-25,7,0.019178082191780823,put,298.0,0.9663088486821402,0.12,308.3900146484375,0.0426531506849315,0.004,0.15019042715513192,0.16190000000000002
2025-07-18,2025-07-25,7,0.019178082191780823,put,299.0,0.9695514958253689,0.15,308.3900146484375,0.0426531506849315,0.004,0.1450873009511328,0.1564
2025-07-18,2025-07-25,7,0.019178082191780823,put,300.0,0.9727941429685976,0.21,308.3900146484375,0.0426531506849315,0.004,0.14358447794349216,0.1547
2025-07-18,2025-07-25,7,0.019178082191780823,put,301.0,0.9760367901118262,0.26,308.3900146484375,0.0426531506849315,0.004,0.13792850894536374,0.1501
2025-07-18,2025-07-25,7,0.019178082191780823,put,302.0,0.9792794372550548,0.36,308.3900146484375,0.0426531506849315,0.004,0.13645912683944544,0.1482
2025-07-18,2025-07-25,7,0.019178082191780823,put,302.5,0.9809007608266692,0.43,308.3900146484375,0.0426531506849315,0.004,0.13661779243510724,0.1471
2025-07-18,2025-07-25,7,0.019178082191780823,put,303.0,0.9825220843982835,0.5,308.3900146484375,0.0426531506849315,0.004,0.13579341165892703,0.1462
2025-07-18,2025-07-25,7,0.019178082191780823,put,304.0,0.9857647315415122,0.67,308.3900146484375,0.0426531506849315,0.004,0.1341900621021632,0.1462
2025-07-18,2025-07-25,7,0.019178082191780823,put,305.0,0.9890073786847409,0.9,308.3900146484375,0.0426531506849315,0.004,0.13362675314157854,0.1398
2025-07-18,2025-07-25,7,0.019178082191780823,put,306.0,0.9922500258279695,1.19,308.3900146484375,0.0426531506849315,0.004,0.13331681578918644,0.14400000000000002
2025-07-18,2025-07-25,7,0.019178082191780823,put,307.0,0.9954926729711981,1.52,308.3900146484375,0.0426531506849315,0.004,0.1316093916073807,0.1406
2025-07-18,2025-07-25,7,0.019178082191780823,put,307.5,0.9971139965428125,1.73,308.3900146484375,0.0426531506849315,0.004,0.13200250074604855,0.1448
2025-07-18,2025-07-25,7,0.019178082191780823,put,308.0,0.9987353201144268,1.93,308.3900146484375,0.0426531506849315,0.004,0.1307614047476367,0.1401
2025-07-18,2025-07-25,7,0.019178082191780823,put,309.0,1.0019779672576554,2.46,308.3900146484375,0.0426531506849315,0.004,0.13283529095357158,0.1465
2025-07-18,2025-07-25,7,0.019178082191780823,put,310.0,1.0052206144008842,3.0,308.3900146484375,0.0426531506849315,0.004,0.1313471484384326,0.14
2025-07-18,2025-07-25,7,0.019178082191780823,put,311.0,1.0084632615441127,3.58,308.3900146484375,0.0426531506849315,0.004,0.12791310747672474,0.1475
2025-07-18,2025-07-25,7,0.019178082191780823,put,312.0,1.0117059086873414,4.33,308.3900146484375,0.0426531506849315,0.004,0.13126127539322197,0.1361
2025-07-18,2025-07-25,7,0.019178082191780823,put,312.5,1.0133272322589557,4.73,308.3900146484375,0.0426531506849315,0.004,0.133384336621307,0.1475
2025-07-18,2025-07-25,7,0.019178082191780823,put,313.0,1.0149485558305702,5.07,308.3900146484375,0.0426531506849315,0.004,0.1299918736296831,0.136
2025-07-18,2025-07-25,7,0.019178082191780823,put,314.0,1.0181912029737987,5.85,308.3900146484375,0.0426531506849315,0.004,0.1272152988010165,0.1297
2025-07-18,2025-07-25,7,0.019178082191780823,put,315.0,1.0214338501170275,6.63,308.3900146484375,0.0426531506849315,0.004,0.11770617118042286,0.157
2025-07-18,2025-07-25,7,0.019178082191780823,put,316.0,1.024676497260256,7.6,308.3900146484375,0.0426531506849315,0.004,0.1266153045678052,0.147
2025-07-18,2025-07-25,7,0.019178082191780823,put,317.0,1.0279191444034848,8.45,308.3900146484375,0.0426531506849315,0.004,0.11007020019966395,0.1672
2025-07-18,2025-07-25,7,0.019178082191780823,put,317.5,1.029540467975099,8.95,308.3900146484375,0.0426531506849315,0.004,0.11541549452579784,0.16579999999999998
2025-07-18,2025-07-25,7,0.019178082191780823,put,318.0,1.0311617915467135,9.43,308.3900146484375,0.0426531506849315,0.004,0.11444808930814276,0.1725
2025-07-18,2025-07-25,7,0.019178082191780823,put,319.0,1.034404438689942,10.43,308.3900146484375,0.0426531506849315,0.004,0.12461486295700017,0.1752
2025-07-18,2025-07-25,7,0.019178082191780823,put,320.0,1.0376470858331708,11.52,308.3900146484375,0.0426531506849315,0.004,0.159776457632643,0.1877
2025-07-18,2025-07-25,7,0.019178082191780823,put,322.0,1.044132380119628,13.38,308.3900146484375,0.0426531506849315,0.004,0.12114704291470818,0.19649999999999998
2025-07-18,2025-07-25,7,0.019178082191780823,put,322.5,1.0457537036912423,13.88,308.3900146484375,0.0426531506849315,0.004,0.12564369412245974,0.2022
2025-07-18,2025-07-25,7,0.019178082191780823,put,323.0,1.0473750272628566,14.38,308.3900146484375,0.0426531506849315,0.004,0.13013317275556147,0.2078
2025-07-18,2025-07-25,7,0.019178082191780823,put,325.0,1.053860321549314,16.73,308.3900146484375,0.0426531506849315,0.004,0.25620636381300815,0.25379999999999997
2025-07-18,2025-07-28,10,0.0273972602739726,call,289.0,0.9371250243930823,20.08,308.3900146484375,0.04276164383561643,0.004,0.2659458134172563,0.2789
2025-07-18,2025-07-28,10,0.0273972602739726,call,290.0,0.940367671536311,19.1,308.3900146484375,0.04276164383561643,0.004,0.25785926868418835,0.2712
2025-07-18,2025-07-28,10,0.0273972602739726,call,291.0,0.9436103186795396,18.1,308.3900146484375,0.04276164383561643,0.004,0.24665057335919652,0.2594
2025-07-18,2025-07-28,10,0.0273972602739726,call,292.0,0.9468529658227682,16.73,308.3900146484375,0.04276164383561643,0.004,0.14978443789883428,0.1516
2025-07-18,2025-07-28,10,0.0273972602739726,call,293.0,0.950095612965997,15.73,308.3900146484375,0.04276164383561643,0.004,0.14104433076299314,0.1426
2025-07-18,2025-07-28,10,0.0273972602739726,call,294.0,0.9533382601092256,14.73,308.3900146484375,0.04276164383561643,0.004,0.13232578081489121,0.1336
2025-07-18,2025-07-28,10,0.0273972602739726,call,295.0,0.9565809072524543,13.73,308.3900146484375,0.04276164383561643,0.004,0.1236272762043847,0.1246
2025-07-18,2025-07-28,10,0.0273972602739726,call,296.0,0.9598235543956829,12.78,308.3900146484375,0.04276164383561643,0.004,0.13475991658412703,0.1394
2025-07-18,2025-07-28,10,0.0273972602739726,call,297.0,0.9630662015389115,11.78,308.3900146484375,0.04276164383561643,0.004,0.1253789472441767,0.1297
2025-07-18,2025-07-28,10,0.0273972602739726,call,298.0,0.9663088486821402,10.83,308.3900146484375,0.04276164383561643,0.004,0.12758308184189557,0.1328
2025-07-18,2025-07-28,10,0.0273972602739726,call,299.0,0.9695514958253689,9.93,308.3900146484375,0.04276164383561643,0.004,0.13383892854382543,0.1399
2025-07-18,2025-07-28,10,0.0273972602739726,call,300.0,0.9727941429685976,9.0,308.3900146484375,0.04276164383561643,0.004,0.13166909685460335,0.1421
2025-07-18,2025-07-28,10,0.0273972602739726,call,301.0,0.9760367901118262,8.25,308.3900146484375,0.04276164383561643,0.004,0.1444361453251504,0.152
2025-07-18,2025-07-28,10,0.0273972602739726,call,302.0,0.9792794372550548,7.15,308.3900146484375,0.04276164383561643,0.004,0.12277992673067097,0.1426
2025-07-18,2025-07-28,10,0.0273972602739726,call,303.0,0.9825220843982835,6.53,308.3900146484375,0.04276164383561643,0.004,0.13849420602236007,0.14550000000000002
2025-07-18,2025-07-28,10,0.0273972602739726,call,304.0,0.9857647315415122,5.73,308.3900146484375,0.04276164383561643,0.004,0.13643216932806018,0.1434
2025-07-18,2025-07-28,10,0.0273972602739726,call,305.0,0.9890073786847409,4.98,308.3900146484375,0.04276164383561643,0.004,0.13494713741471076,0.1418
2025-07-18,2025-07-28,10,0.0273972602739726,call,306.0,0.9922500258279695,4.28,308.3900146484375,0.04276164383561643,0.004,0.13364202676528666,0.1405
2025-07-18,2025-07-28,10,0.0273972602739726,call,307.0,0.9954926729711981,3.63,308.3900146484375,0.04276164383561643,0.004,0.1322552645234899,0.1391
2025-07-18,2025-07-28,10,0.0273972602739726,call,308.0,0.9987353201144268,3.08,308.3900146484375,0.04276164383561643,0.004,0.13307693406119803,0.14
2025-07-18,2025-07-28,10,0.0273972602739726,call,309.0,1.0019779672576554,2.51,308.3900146484375,0.04276164383561643,0.004,0.130020042908826,0.13699999999999998
2025-07-18,2025-07-28,10,0.0273972602739726,call,310.0,1.0052206144008842,2.11,308.3900146484375,0.04276164383561643,0.004,0.1324389473726299,0.1396
2025-07-18,2025-07-28,10,0.0273972602739726,call,311.0,1.0084632615441127,1.73,308.3900146484375,0.04276164383561643,0.004,0.13305243374265166,0.1402
2025-07-18,2025-07-28,10,0.0273972602739726,call,312.0,1.0117059086873414,1.4,308.3900146484375,0.04276164383561643,0.004,0.13346736467566797,0.1401
2025-07-18,2025-07-28,10,0.0273972602739726,call,313.0,1.0149485558305702,1.14,308.3900146484375,0.04276164383561643,0.004,0.1350519548025908,0.1442
2025-07-18,2025-07-28,10,0.0273972602739726,call,314.0,1.0181912029737987,0.91,308.3900146484375,0.04276164383561643,0.004,0.13584508565828554,0.1432
2025-07-18,2025-07-28,10,0.0273972602739726,call,315.0,1.0214338501170275,0.72,308.3900146484375,0.04276164383561643,0.004,0.13667057728168128,0.14400000000000002
2025-07-18,2025-07-28,10,0.0273972602739726,call,316.0,1.024676497260256,0.58,308.3900146484375,0.04276164383561643,0.004,0.1387629816088662,0.1479
2025-07-18,2025-07-28,10,0.0273972602739726,call,317.0,1.0279191444034848,0.46,308.3900146484375,0.04276164383561643,0.004,0.14032420041470337,0.14980000000000002
2025-07-18,2025-07-28,10,0.0273972602739726,call,318.0,1.0311617915467135,0.36,308.3900146484375,0.04276164383561643,0.004,0.14156123184505964,0.1503
2025-07-18,2025-07-28,10,0.0273972602739726,call,319.0,1.034404438689942,0.29,308.3900146484375,0.04276164383561643,0.004,0.14404717183354313,0.1518
2025-07-18,2025-07-28,10,0.0273972602739726,call,320.0,1.0376470858331708,0.24,308.3900146484375,0.04276164383561643,0.004,0.14745370511782832,0.15689999999999998
2025-07-18,2025-07-28,10,0.0273972602739726,call,321.0,1.0408897329763993,0.19,308.3900146484375,0.04276164383561643,0.004,0.14932618380389717,0.1574
2025-07-18,2025-07-28,10,0.0273972602739726,call,322.0,1.044132380119628,0.15,308.3900146484375,0.04276164383561643,0.004,0.1511716017974078,0.1593
2025-07-18,2025-07-28,10,0.0273972602739726,call,323.0,1.0473750272628566,0.13,308.3900146484375,0.04276164383561643,0.004,0.15572362986410668,0.1629
2025-07-18,2025-07-28,10,0.0273972602739726,call,324.0,1.0506176744060853,0.11,308.3900146484375,0.04276164383561643,0.004,0.15941881201384508,0.1666
2025-07-18,2025-07-28,10,0.0273972602739726,call,325.0,1.053860321549314,0.09,308.3900146484375,0.04276164383561643,0.004,0.1620722895514198,0.1739
2025-07-18,2025-07-28,10,0.0273972602739726,call,326.0,1.0571029686925426,0.08,308.3900146484375,0.04276164383561643,0.004,0.16685321818495924,0.174
2025-07-18,2025-07-28,10,0.0273972602739726,call,327.0,1.0603456158357714,0.06,308.3900146484375,0.04276164383561643,0.004,0.1671133620001405,0.1761
2025-07-18,2025-07-28,10,0.0273972602739726,call,328.0,1.0635882629789999,0.04,308.3900146484375,0.04276164383561643,0.004,0.1648596646651229,0.184
2025-07-18,2025-07-28,10,0.0273972602739726,put,289.0,0.9371250243930823,0.04,308.3900146484375,0.04276164383561643,0.004,0.17904972308309364,0.1945
2025-07-18,2025-07-28,10,0.0273972602739726,put,290.0,0.940367671536311,0.05,308.3900146484375,0.04276164383561643,0.004,0.17629939738648812,0.18289999999999998
2025-07-18,2025-07-28,10,0.0273972602739726,put,291.0,0.9436103186795396,0.06,308.3900146484375,0.04276164383561643,0.004,0.17248406471602776,0.1793
2025-07-18,2025-07-28,10,0.0273972602739726,put,292.0,0.9468529658227682,0.06,308.3900146484375,0.04276164383561643,0.004,0.16390278131005256,0.17670000000000002
2025-07-18,2025-07-28,10,0.0273972602739726,put,293.0,0.950095612965997,0.08,308.3900146484375,0.04276164383561643,0.004,0.1625448127668872,0.1711
2025-07-18,2025-07-28,10,0.0273972602739726,put,294.0,0.9533382601092256,0.09,308.3900146484375,0.04276164383561643,0.004,0.15667400208274035,0.168
2025-07-18,2025-07-28,10,0.0273972602739726,put,295.0,0.9565809072524543,0.1,308.3900146484375,0.04276164383561643,0.004,0.150304912904141,0.161
2025-07-18,2025-07-28,10,0.0273972602739726,put,296.0,0.9598235543956829,0.12,308.3900146484375,0.04276164383561643,0.004,0.14583289786405512,0.15810000000000002
2025-07-18,2025-07-28,10,0.0273972602739726,put,297.0,0.9630662015389115,0.15,308.3900146484375,0.04276164383561643,0.004,0.1423878860317335,0.1499
2025-07-18,2025-07-28,10,0.0273972602739726,put,298.0,0.9663088486821402,0.19,308.3900146484375,0.04276164383561643,0.004,0.1392943622554917,0.1466
2025-07-18,2025-07-28,10,0.0273972602739726,put,299.0,0.9695514958253689,0.24,308.3900146484375,0.04276164383561643,0.004,0.13610696742556197,0.1432
2025-07-18,2025-07-28,10,0.0273972602739726,put,300.0,0.9727941429685976,0.31,308.3900146484375,0.04276164383561643,0.004,0.13370783414655316,0.1401
2025-07-18,2025-07-28,10,0.0273972602739726,put,301.0,0.9760367901118262,0.4,308.3900146484375,0.04276164383561643,0.004,0.13142306485756455,0.1392
2025-07-18,2025-07-28,10,0.0273972602739726,put,302.0,0.9792794372550548,0.52,308.3900146484375,0.04276164383561643,0.004,0.12968187179338297,0.1381
2025-07-18,2025-07-28,10,0.0273972602739726,put,303.0,0.9825220843982835,0.67,308.3900146484375,0.04276164383561643,0.004,0.12790691402859003,0.1367
2025-07-18,2025-07-28,10,0.0273972602739726,put,304.0,0.9857647315415122,0.87,308.3900146484375,0.04276164383561643,0.004,0.12704022444697277,0.1355
2025-07-18,2025-07-28,10,0.0273972602739726,put,305.0,0.9890073786847409,1.13,308.3900146484375,0.04276164383561643,0.004,0.12705222206970973,0.133
2025-07-18,2025-07-28,10,0.0273972602739726,put,306.0,0.9922500258279695,1.42,308.3900146484375,0.04276164383561643,0.004,0.12582891601968493,0.1322
2025-07-18,2025-07-28,10,0.0273972602739726,put,307.0,0.9954926729711981,1.8,308.3900146484375,0.04276164383561643,0.004,0.1264300379583075,0.1346
2025-07-18,2025-07-28,10,0.0273972602739726,put,308.0,0.9987353201144268,2.25,308.3900146484375,0.04276164383561643,0.004,0.12748050418223342,0.1364
2025-07-18,2025-07-28,10,0.0273972602739726,put,309.0,1.0019779672576554,2.75,308.3900146484375,0.04276164383561643,0.004,0.1279571714311043,0.1335
2025-07-18,2025-07-28,10,0.0273972602739726,put,310.0,1.0052206144008842,3.28,308.3900146484375,0.04276164383561643,0.004,0.12690551289582777,0.1278
2025-07-18,2025-07-28,10,0.0273972602739726,put,311.0,1.0084632615441127,3.88,308.3900146484375,0.04276164383561643,0.004,0.1263237101600079,0.1207
2025-07-18,2025-07-28,10,0.0273972602739726,put,312.0,1.0117059086873414,4.45,308.3900146484375,0.04276164383561643,0.004,0.12079921062252445,0.1241
2025-07-18,2025-07-28,10,0.0273972602739726,put,313.0,1.0149485558305702,5.28,308.3900146484375,0.04276164383561643,0.004,0.1268546656185254,0.1292
2025-07-18,2025-07-28,10,0.0273972602739726,put,314.0,1.0181912029737987,6.07,308.3900146484375,0.04276164383561643,0.004,0.1281990260091834,0.1298
2025-07-18,2025-07-28,10,0.0273972602739726,put,315.0,1.0214338501170275,6.85,308.3900146484375,0.04276164383561643,0.004,0.1258307224060637,0.12369999999999999
2025-07-18,2025-07-28,10,0.0273972602739726,put,316.0,1.024676497260256,7.73,308.3900146484375,0.04276164383561643,0.004,0.1282740755082786,0.1213
2025-07-18,2025-07-28,10,0.0273972602739726,put,317.0,1.0279191444034848,8.63,308.3900146484375,0.04276164383561643,0.004,0.1303180865450807,0.1128
2025-07-18,2025-07-28,10,0.0273972602739726,put,318.0,1.0311617915467135,9.55,308.3900146484375,0.04276164383561643,0.004,0.13229722033359426,0.1542
2025-07-18,2025-07-28,10,0.0273972602739726,put,319.0,1.034404438689942,10.5,308.3900146484375,0.04276164383561643,0.004,0.13614326813632407,0.1585
2025-07-18,2025-07-28,10,0.0273972602739726,put,320.0,1.0376470858331708,11.48,308.3900146484375,0.04276164383561643,0.004,0.14317859488076864,0.16940000000000002
2025-07-18,2025-07-28,10,0.0273972602739726,put,321.0,1.0408897329763993,12.43,308.3900146484375,0.04276164383561643,0.004,0.14445101814518424,0.1711
2025-07-18,2025-07-28,10,0.0273972602739726,put,322.0,1.044132380119628,13.43,308.3900146484375,0.04276164383561643,0.004,0.15373635593161672,0.1812
2025-07-18,2025-07-28,10,0.0273972602739726,put,323.0,1.0473750272628566,14.4,308.3900146484375,0.04276164383561643,0.004,0.15670121805084222,0.1912
2025-07-18,2025-07-28,10,0.0273972602739726,put,324.0,1.0506176744060853,15.33,308.3900146484375,0.04276164383561643,0.004,0.1462301057599065,0.24670000000000003
2025-07-18,2025-07-28,10,0.0273972602739726,put,326.0,1.0571029686925426,17.33,308.3900146484375,0.04276164383561643,0.004,0.16260783867286396,0.2688
2025-07-18,2025-07-28,10,0.0273972602739726,put,327.0,1.0603456158357714,18.3,308.3900146484375,0.04276164383561643,0.004,0.15719947271229157,0.2729
2025-07-18,2025-07-28,10,0.0273972602739726,put,328.0,1.0635882629789999,19.33,308.3900146484375,0.04276164383561643,0.004,0.17878030234856068,0.2903
2025-07-18,2025-07-30,12,0.03287671232876712,call,289.0,0.9371250243930823,19.8,308.3900146484375,0.042833972602739724,0.004,0.16597773884062705,0.16699999999999998
2025-07-18,2025-07-30,12,0.03287671232876712,call,290.0,0.940367671536311,18.8,308.3900146484375,0.042833972602739724,0.004,0.157736981934034,0.1585
2025-07-18,2025-07-30,12,0.03287671232876712,call,291.0,0.9436103186795396,18.18,308.3900146484375,0.042833972602739724,0.004,0.22813807407705697,0.23620000000000002
2025-07-18,2025-07-30,12,0.03287671232876712,call,292.0,0.9468529658227682,17.18,308.3900146484375,0.042833972602739724,0.004,0.21777537517420695,0.2255
2025-07-18,2025-07-30,12,0.03287671232876712,call,293.0,0.950095612965997,15.95,308.3900146484375,0.042833972602739724,0.004,0.17376395352750634,0.1795
2025-07-18,2025-07-30,12,0.03287671232876712,call,294.0,0.9533382601092256,14.88,308.3900146484375,0.042833972602739724,0.004,0.1502647868861828,0.1531
2025-07-18,2025-07-30,12,0.03287671232876712,call,295.0,0.9565809072524543,13.93,308.3900146484375,0.042833972602739724,0.004,0.15142315919336036,0.1552
2025-07-18,2025-07-30,12,0.03287671232876712,call,296.0,0.9598235543956829,12.93,308.3900146484375,0.042833972602739724,0.004,0.14210024680315783,0.1456
2025-07-18,2025-07-30,12,0.03287671232876712,call,297.0,0.9630662015389115,12.02,308.3900146484375,0.042833972602739724,0.004,0.1461829428222149,0.1521
2025-07-18,2025-07-30,12,0.03287671232876712,call,298.0,0.9663088486821402,11.13,308.3900146484375,0.042833972602739724,0.004,0.14910350154184837,0.15410000000000001
2025-07-18,2025-07-30,12,0.03287671232876712,call,299.0,0.9695514958253689,10.33,308.3900146484375,0.042833972602739724,0.004,0.15722541364298148,0.163
2025-07-18,2025-07-30,12,0.03287671232876712,call,300.0,0.9727941429685976,9.43,308.3900146484375,0.042833972602739724,0.004,0.15363764520237314,0.1594
2025-07-18,2025-07-30,12,0.03287671232876712,call,301.0,0.9760367901118262,8.38,308.3900146484375,0.042833972602739724,0.004,0.13773634223595896,0.14279999999999998
2025-07-18,2025-07-30,12,0.03287671232876712,call,302.0,0.9792794372550548,7.73,308.3900146484375,0.042833972602739724,0.004,0.14922583731023417,0.155
2025-07-18,2025-07-30,12,0.03287671232876712,call,303.0,0.9825220843982835,6.93,308.3900146484375,0.042833972602739724,0.004,0.14754856586381374,0.1534
2025-07-18,2025-07-30,12,0.03287671232876712,call,304.0,0.9857647315415122,6.0,308.3900146484375,0.042833972602739724,0.004,0.13696672385887548,0.1427
2025-07-18,2025-07-30,12,0.03287671232876712,call,305.0,0.9890073786847409,5.3,308.3900146484375,0.042833972602739724,0.004,0.13736254641204623,0.15109999999999998
2025-07-18,2025-07-30,12,0.03287671232876712,call,306.0,0.9922500258279695,4.78,308.3900146484375,0.042833972602739724,0.004,0.14410569327933248,0.1512
2025-07-18,2025-07-30,12,0.03287671232876712,call,307.0,0.9954926729711981,4.18,308.3900146484375,0.042833972602739724,0.004,0.1443783774251557,0.1515
2025-07-18,2025-07-30,12,0.03287671232876712,call,308.0,0.9987353201144268,3.6,308.3900146484375,0.042833972602739724,0.004,0.14335245715257702,0.1495
2025-07-18,2025-07-30,12,0.03287671232876712,call,309.0,1.0019779672576554,3.1,308.3900146484375,0.042833972602739724,0.004,0.1437211137763005,0.1499
2025-07-18,2025-07-30,12,0.03287671232876712,call,310.0,1.0052206144008842,2.65,308.3900146484375,0.042833972602739724,0.004,0.14411945016464145,0.1503
2025-07-18,2025-07-30,12,0.03287671232876712,call,311.0,1.0084632615441127,2.25,308.3900146484375,0.042833972602739724,0.004,0.14460258511040458,0.1518
2025-07-18,2025-07-30,12,0.03287671232876712,call,312.0,1.0117059086873414,1.94,308.3900146484375,0.042833972602739724,0.004,0.14719502970152393,0.15410000000000001
2025-07-18,2025-07-30,12,0.03287671232876712,call,313.0,1.0149485558305702,1.6,308.3900146484375,0.042833972602739724,0.004,0.14627464840291918,0.15259999999999999
2025-07-18,2025-07-30,12,0.03287671232876712,call,314.0,1.0181912029737987,1.33,308.3900146484375,0.042833972602739724,0.004,0.14676755213736958,0.1532
2025-07-18,2025-07-30,12,0.03287671232876712,call,315.0,1.0214338501170275,1.11,308.3900146484375,0.042833972602739724,0.004,0.14799656453296753,0.15380000000000002
2025-07-18,2025-07-30,12,0.03287671232876712,call,316.0,1.024676497260256,0.92,308.3900146484375,0.042833972602739724,0.004,0.14910512142289917,0.1549
2025-07-18,2025-07-30,12,0.03287671232876712,call,317.0,1.0279191444034848,0.76,308.3900146484375,0.042833972602739724,0.004,0.15030645840969709,0.1565
2025-07-18,2025-07-30,12,0.03287671232876712,call,318.0,1.0311617915467135,0.63,308.3900146484375,0.042833972602739724,0.004,0.15189920071418644,0.1585
2025-07-18,2025-07-30,12,0.03287671232876712,call,319.0,1.034404438689942,0.52,308.3900146484375,0.042833972602739724,0.004,0.15343036494987794,0.1597
2025-07-18,2025-07-30,12,0.03287671232876712,call,320.0,1.0376470858331708,0.43,308.3900146484375,0.042833972602739724,0.004,0.15516094478780154,0.162
2025-07-18,2025-07-30,12,0.03287671232876712,call,321.0,1.0408897329763993,0.35,308.3900146484375,0.042833972602739724,0.004,0.15634457685659456,0.1632
2025-07-18,2025-07-30,12,0.03287671232876712,call,322.0,1.044132380119628,0.29,308.3900146484375,0.042833972602739724,0.004,0.1583150712197961,0.1653
2025-07-18,2025-07-30,12,0.03287671232876712,call,323.0,1.0473750272628566,0.24,308.3900146484375,0.042833972602739724,0.004,0.16026608241860288,0.1673
2025-07-18,2025-07-30,12,0.03287671232876712,call,324.0,1.0506176744060853,0.21,308.3900146484375,0.042833972602739724,0.004,0.1640999259237121,0.17129999999999998
2025-07-18,2025-07-30,12,0.03287671232876712,call,325.0,1.053860321549314,0.17,308.3900146484375,0.042833972602739724,0.004,0.16527084424087818,0.1725
2025-07-18,2025-07-30,12,0.03287671232876712,call,326.0,1.0571029686925426,0.15,308.3900146484375,0.042833972602739724,0.004,0.16916962105953928,0.17550000000000002
2025-07-18,2025-07-30,12,0.03287671232876712,call,327.0,1.0603456158357714,0.13,308.3900146484375,0.042833972602739724,0.004,0.17239112191026493,0.18
2025-07-18,2025-07-30,12,0.03287671232876712,call,328.0,1.0635882629789999,0.1,308.3900146484375,0.042833972602739724,0.004,0.17206488559092137,0.17809999999999998
2025-07-18,2025-07-30,12,0.03287671232876712,put,289.0,0.9371250243930823,0.07,308.3900146484375,0.042833972602739724,0.004,0.17757779476235655,0.1892
2025-07-18,2025-07-30,12,0.03287671232876712,put,290.0,0.940367671536311,0.08,308.3900146484375,0.042833972602739724,0.004,0.17320032222133114,0.1807
2025-07-18,2025-07-30,12,0.03287671232876712,put,291.0,0.9436103186795396,0.09,308.3900146484375,0.042833972602739724,0.004,0.16829196958908363,0.1787
2025-07-18,2025-07-30,12,0.03287671232876712,put,292.0,0.9468529658227682,0.11,308.3900146484375,0.042833972602739724,0.004,0.1656055680145745,0.1728
2025-07-18,2025-07-30,12,0.03287671232876712,put,293.0,0.950095612965997,0.12,308.3900146484375,0.042833972602739724,0.004,0.1595919425806569,0.16649999999999998
2025-07-18,2025-07-30,12,0.03287671232876712,put,294.0,0.9533382601092256,0.15,308.3900146484375,0.042833972602739724,0.004,0.157427136972132,0.1663
2025-07-18,2025-07-30,12,0.03287671232876712,put,295.0,0.9565809072524543,0.18,308.3900146484375,0.042833972602739724,0.004,0.15403196608756375,0.1598
2025-07-18,2025-07-30,12,0.03287671232876712,put,296.0,0.9598235543956829,0.22,308.3900146484375,0.042833972602739724,0.004,0.1511842190098157,0.1577
2025-07-18,2025-07-30,12,0.03287671232876712,put,297.0,0.9630662015389115,0.26,308.3900146484375,0.042833972602739724,0.004,0.14717147330593194,0.1535
2025-07-18,2025-07-30,12,0.03287671232876712,put,298.0,0.9663088486821402,0.33,308.3900146484375,0.042833972602739724,0.004,0.14565607358813087,0.1519
2025-07-18,2025-07-30,12,0.03287671232876712,put,299.0,0.9695514958253689,0.41,308.3900146484375,0.042833972602739724,0.004,0.14350870559912476,0.1496
2025-07-18,2025-07-30,12,0.03287671232876712,put,300.0,0.9727941429685976,0.52,308.3900146484375,0.042833972602739724,0.004,0.14241203456805282,0.1485
2025-07-18,2025-07-30,12,0.03287671232876712,put,301.0,0.9760367901118262,0.66,308.3900146484375,0.042833972602739724,0.004,0.1417389433512402,0.1469
2025-07-18,2025-07-30,12,0.03287671232876712,put,302.0,0.9792794372550548,0.82,308.3900146484375,0.042833972602739724,0.004,0.14043429611655137,0.1456
2025-07-18,2025-07-30,12,0.03287671232876712,put,303.0,0.9825220843982835,1.02,308.3900146484375,0.042833972602739724,0.004,0.1396433697476337,0.14730000000000001
2025-07-18,2025-07-30,12,0.03287671232876712,put,304.0,0.9857647315415122,1.26,308.3900146484375,0.042833972602739724,0.004,0.13901274404619973,0.1441
2025-07-18,2025-07-30,12,0.03287671232876712,put,305.0,0.9890073786847409,1.55,308.3900146484375,0.042833972602739724,0.004,0.1388228563836057,0.1417
2025-07-18,2025-07-30,12,0.03287671232876712,put,306.0,0.9922500258279695,1.89,308.3900146484375,0.042833972602739724,0.004,0.1388363047264612,0.1448
2025-07-18,2025-07-30,12,0.03287671232876712,put,307.0,0.9954926729711981,2.25,308.3900146484375,0.042833972602739724,0.004,0.13752621931622444,0.1425
2025-07-18,2025-07-30,12,0.03287671232876712,put,308.0,0.9987353201144268,2.72,308.3900146484375,0.042833972602739724,0.004,0.13897142882384528,0.1479
2025-07-18,2025-07-30,12,0.03287671232876712,put,309.0,1.0019779672576554,3.18,308.3900146484375,0.042833972602739724,0.004,0.1376366386848544,0.1434
2025-07-18,2025-07-30,12,0.03287671232876712,put,310.0,1.0052206144008842,3.72,308.3900146484375,0.042833972602739724,0.004,0.13758560615387697,0.1423
2025-07-18,2025-07-30,12,0.03287671232876712,put,311.0,1.0084632615441127,4.33,308.3900146484375,0.042833972602739724,0.004,0.13843053701238958,0.1423
2025-07-18,2025-07-30,12,0.03287671232876712,put,312.0,1.0117059086873414,4.95,308.3900146484375,0.042833972602739724,0.004,0.1374528369661096,0.1409
2025-07-18,2025-07-30,12,0.03287671232876712,put,313.0,1.0149485558305702,5.65,308.3900146484375,0.042833972602739724,0.004,0.1380874866449363,0.1408
2025-07-18,2025-07-30,12,0.03287671232876712,put,314.0,1.0181912029737987,6.4,308.3900146484375,0.042833972602739724,0.004,0.13916981801525424,0.1409
2025-07-18,2025-07-30,12,0.03287671232876712,put,315.0,1.0214338501170275,7.3,308.3900146484375,0.042833972602739724,0.004,0.14698538450155177,0.1482
2025-07-18,2025-07-30,12,0.03287671232876712,put,316.0,1.024676497260256,8.0,308.3900146484375,0.042833972602739724,0.004,0.14089785788780548,0.1392
2025-07-18,2025-07-30,12,0.03287671232876712,put,317.0,1.0279191444034848,8.85,308.3900146484375,0.042833972602739724,0.004,0.14203068534370736,0.1374
2025-07-18,2025-07-30,12,0.03287671232876712,put,318.0,1.0311617915467135,9.73,308.3900146484375,0.042833972602739724,0.004,0.14358004045943618,0.13369999999999999
2025-07-18,2025-07-30,12,0.03287671232876712,put,319.0,1.034404438689942,10.63,308.3900146484375,0.042833972602739724,0.004,0.1450975115968561,0.124
2025-07-18,2025-07-30,12,0.03287671232876712,put,320.0,1.0376470858331708,11.6,308.3900146484375,0.042833972602739724,0.004,0.1521387041340581,0.16949999999999998
2025-07-18,2025-07-30,12,0.03287671232876712,put,321.0,1.0408897329763993,12.43,308.3900146484375,0.042833972602739724,0.004,0.1416828719595976,0.17370000000000002
2025-07-18,2025-07-30,12,0.03287671232876712,put,322.0,1.044132380119628,13.48,308.3900146484375,0.042833972602739724,0.004,0.15736522339694634,0.1766
2025-07-18,2025-07-30,12,0.03287671232876712,put,323.0,1.0473750272628566,14.43,308.3900146484375,0.042833972602739724,0.004,0.15938784504224845,0.1776
2025-07-18,2025-07-30,12,0.03287671232876712,put,324.0,1.0506176744060853,15.4,308.3900146484375,0.042833972602739724,0.004,0.163353389012226,0.2373
2025-07-18,2025-07-30,12,0.03287671232876712,put,325.0,1.053860321549314,16.58,308.3900146484375,0.042833972602739724,0.004,0.19720051376546494,0.2477
2025-07-18,2025-07-30,12,0.03287671232876712,put,326.0,1.0571029686925426,17.63,308.3900146484375,0.042833972602739724,0.004,0.2123353013673211,0.18350000000000002
2025-07-18,2025-07-30,12,0.03287671232876712,put,327.0,1.0603456158357714,18.38,308.3900146484375,0.042833972602739724,0.004,0.1848319810567021,0.3141
2025-07-18,2025-07-30,12,0.03287671232876712,put,328.0,1.0635882629789999,19.63,308.3900146484375,0.042833972602739724,0.004,0.2304852742203085,0.1996
2025-07-18,2025-08-08,21,0.057534246575342465,call,292.0,0.9468529658227682,17.5,308.3900146484375,0.04315945205479452,0.004,0.17030716863416961,0.20929999999999999
2025-07-18,2025-08-08,21,0.057534246575342465,call,293.0,0.950095612965997,16.58,308.3900146484375,0.04315945205479452,0.004,0.16914322034028248,0.1698
2025-07-18,2025-08-08,21,0.057534246575342465,call,294.0,0.9533382601092256,15.65,308.3900146484375,0.04315945205479452,0.004,0.16635475381818216,0.1677
2025-07-18,2025-08-08,21,0.057534246575342465,call,295.0,0.9565809072524543,14.7,308.3900146484375,0.04315945205479452,0.004,0.16151652483853224,0.1629
2025-07-18,2025-08-08,21,0.057534246575342465,call,296.0,0.9598235543956829,13.9,308.3900146484375,0.04315945205479452,0.004,0.16601435001610315,0.1679
2025-07-18,2025-08-08,21,0.057534246575342465,call,297.0,0.9630662015389115,12.93,308.3900146484375,0.04315945205479452,0.004,0.158704594027039,0.1603
2025-07-18,2025-08-08,21,0.057534246575342465,call,297.5,0.9646875251105259,12.63,308.3900146484375,0.04315945205479452,0.004,0.16544928195873881,0.1674
2025-07-18,2025-08-08,21,0.057534246575342465,call,298.0,0.9663088486821402,12.13,308.3900146484375,0.04315945205479452,0.004,0.1606319892205146,0.1625
2025-07-18,2025-08-08,21,0.057534246575342465,call,299.0,0.9695514958253689,11.3,308.3900146484375,0.04315945205479452,0.004,0.15962534795431915,0.162
2025-07-18,2025-08-08,21,0.057534246575342465,call,300.0,0.9727941429685976,10.48,308.3900146484375,0.04315945205479452,0.004,0.15809075772225786,0.1603
2025-07-18,2025-08-08,21,0.057534246575342465,call,301.0,0.9760367901118262,9.65,308.3900146484375,0.04315945205479452,0.004,0.15515968837612115,0.1577
2025-07-18,2025-08-08,21,0.057534246575342465,call,302.0,0.9792794372550548,8.98,308.3900146484375,0.04315945205479452,0.004,0.1580619927021681,0.1606
2025-07-18,2025-08-08,21,0.057534246575342465,call,302.5,0.9809007608266692,8.6,308.3900146484375,0.04315945205479452,0.004,0.15713859596071733,0.15990000000000001
2025-07-18,2025-08-08,21,0.057534246575342465,call,303.0,0.9825220843982835,8.28,308.3900146484375,0.04315945205479452,0.004,0.15832595704365962,0.161
2025-07-18,2025-08-08,21,0.057534246575342465,call,304.0,0.9857647315415122,7.6,308.3900146484375,0.04315945205479452,0.004,0.1581737009103914,0.1611
2025-07-18,2025-08-08,21,0.057534246575342465,call,305.0,0.9890073786847409,6.95,308.3900146484375,0.04315945205479452,0.004,0.157975090902014,0.161
2025-07-18,2025-08-08,21,0.057534246575342465,call,306.0,0.9922500258279695,6.4,308.3900146484375,0.04315945205479452,0.004,0.16016724268076382,0.1604
2025-07-18,2025-08-08,21,0.057534246575342465,call,307.0,0.9954926729711981,5.8,308.3900146484375,0.04315945205479452,0.004,0.15939296770991063,0.16260000000000002
2025-07-18,2025-08-08,21,0.057534246575342465,call,307.5,0.9971139965428125,5.53,308.3900146484375,0.04315945205479452,0.004,0.15961556527855794,0.1618
2025-07-18,2025-08-08,21,0.057534246575342465,call,308.0,0.9987353201144268,5.28,308.3900146484375,0.04315945205479452,0.004,0.16023109293134427,0.16329999999999997
2025-07-18,2025-08-08,21,0.057534246575342465,call,309.0,1.0019779672576554,4.78,308.3900146484375,0.04315945205479452,0.004,0.16059551595809046,0.1637
2025-07-18,2025-08-08,21,0.057534246575342465,call,310.0,1.0052206144008842,4.3,308.3900146484375,0.04315945205479452,0.004,0.16050300206178086,0.1638
2025-07-18,2025-08-08,21,0.057534246575342465,call,311.0,1.0084632615441127,3.88,308.3900146484375,0.04315945205479452,0.004,0.16132794957472799,0.16190000000000002
2025-07-18,2025-08-08,21,0.057534246575342465,call,312.0,1.0117059086873414,3.47,308.3900146484375,0.04315945205479452,0.004,0.16138960875571243,0.1677
2025-07-18,2025-08-08,21,0.057534246575342465,call,312.5,1.0133272322589557,3.28,308.3900146484375,0.04315945205479452,0.004,0.16152706736736724,0.1648
2025-07-18,2025-08-08,21,0.057534246575342465,call,313.0,1.0149485558305702,3.1,308.3900146484375,0.04315945205479452,0.004,0.1617439795814148,0.16519999999999999
2025-07-18,2025-08-08,21,0.057534246575342465,call,314.0,1.0181912029737987,2.76,308.3900146484375,0.04315945205479452,0.004,0.16208449809095962,0.166
2025-07-18,2025-08-08,21,0.057534246575342465,call,315.0,1.0214338501170275,2.46,308.3900146484375,0.04315945205479452,0.004,0.16283375596052338,0.166
2025-07-18,2025-08-08,21,0.057534246575342465,call,316.0,1.024676497260256,2.18,308.3900146484375,0.04315945205479452,0.004,0.1633082024942196,0.16690000000000002
2025-07-18,2025-08-08,21,0.057534246575342465,call,317.0,1.0279191444034848,1.92,308.3900146484375,0.04315945205479452,0.004,0.1635336073622461,0.1663
2025-07-18,2025-08-08,21,0.057534246575342465,call,317.5,1.029540467975099,1.81,308.3900146484375,0.04315945205479452,0.004,0.16408929721318125,0.1673
2025-07-18,2025-08-08,21,0.057534246575342465,call,318.0,1.0311617915467135,1.69,308.3900146484375,0.04315945205479452,0.004,0.1639710049529424,0.1678
2025-07-18,2025-08-08,21,0.057534246575342465,call,319.0,1.034404438689942,1.49,308.3900146484375,0.04315945205479452,0.004,0.16472866818166376,0.1684
2025-07-18,2025-08-08,21,0.057534246575342465,call,320.0,1.0376470858331708,1.32,308.3900146484375,0.04315945205479452,0.004,0.16594528389928193,0.16870000000000002
2025-07-18,2025-08-08,21,0.057534246575342465,call,321.0,1.0408897329763993,1.13,308.3900146484375,0.04315945205479452,0.004,0.16518947917796858,0.1689
2025-07-18,2025-08-08,21,0.057534246575342465,call,322.0,1.044132380119628,1.01,308.3900146484375,0.04315945205479452,0.004,0.1671620351118306,0.1704
2025-07-18,2025-08-08,21,0.057534246575342465,call,323.0,1.0473750272628566,0.89,308.3900146484375,0.04315945205479452,0.004,0.1683611159888252,0.17190000000000003
2025-07-18,2025-08-08,21,0.057534246575342465,call,324.0,1.0506176744060853,0.78,308.3900146484375,0.04315945205479452,0.004,0.16934174030667645,0.1729
2025-07-18,2025-08-08,21,0.057534246575342465,call,325.0,1.053860321549314,0.68,308.3900146484375,0.04315945205479452,0.004,0.1701412609785246,0.17329999999999998
2025-07-18,2025-08-08,21,0.057534246575342465,call,326.0,1.0571029686925426,0.59,308.3900146484375,0.04315945205479452,0.004,0.17080681757688024,0.1747
2025-07-18,2025-08-08,21,0.057534246575342465,put,292.0,0.9468529658227682,0.35,308.3900146484375,0.04315945205479452,0.004,0.15986082167561033,0.16149999999999998
2025-07-18,2025-08-08,21,0.057534246575342465,put,293.0,0.950095612965997,0.41,308.3900146484375,0.04315945205479452,0.004,0.15820746165818403,0.16149999999999998
2025-07-18,2025-08-08,21,0.057534246575342465,put,294.0,0.9533382601092256,0.48,308.3900146484375,0.04315945205479452,0.004,0.1565974748441161,0.1612
2025-07-18,2025-08-08,21,0.057534246575342465,put,295.0,0.9565809072524543,0.56,308.3900146484375,0.04315945205479452,0.004,0.15491853533928596,0.1586
2025-07-18,2025-08-08,21,0.057534246575342465,put,296.0,0.9598235543956829,0.66,308.3900146484375,0.04315945205479452,0.004,0.15378030644824794,0.1588
2025-07-18,2025-08-08,21,0.057534246575342465,put,297.0,0.9630662015389115,0.78,308.3900146484375,0.04315945205479452,0.004,0.15293630652409543,0.1552
2025-07-18,2025-08-08,21,0.057534246575342465,put,297.5,0.9646875251105259,0.84,308.3900146484375,0.04315945205479452,0.004,0.15211882797186338,0.15560000000000002
2025-07-18,2025-08-08,21,0.057534246575342465,put,298.0,0.9663088486821402,0.91,308.3900146484375,0.04315945205479452,0.004,0.1516367998564762,0.1551
2025-07-18,2025-08-08,21,0.057534246575342465,put,299.0,0.9695514958253689,1.08,308.3900146484375,0.04315945205479452,0.004,0.15146535408603012,0.1549
2025-07-18,2025-08-08,21,0.057534246575342465,put,300.0,0.9727941429685976,1.26,308.3900146484375,0.04315945205479452,0.004,0.1506183064757779,0.1545
2025-07-18,2025-08-08,21,0.057534246575342465,put,301.0,0.9760367901118262,1.48,308.3900146484375,0.04315945205479452,0.004,0.15049924209819862,0.1536
2025-07-18,2025-08-08,21,0.057534246575342465,put,302.0,0.9792794372550548,1.73,308.3900146484375,0.04315945205479452,0.004,0.15046609689175203,0.1535
2025-07-18,2025-08-08,21,0.057534246575342465,put,302.5,0.9809007608266692,1.86,308.3900146484375,0.04315945205479452,0.004,0.15019868762947966,0.1534
2025-07-18,2025-08-08,21,0.057534246575342465,put,303.0,0.9825220843982835,2.01,308.3900146484375,0.04315945205479452,0.004,0.1504356289040998,0.1536
2025-07-18,2025-08-08,21,0.057534246575342465,put,304.0,0.9857647315415122,2.32,308.3900146484375,0.04315945205479452,0.004,0.15034888567309002,0.1534
2025-07-18,2025-08-08,21,0.057534246575342465,put,305.0,0.9890073786847409,2.68,308.3900146484375,0.04315945205479452,0.004,0.15089386177459405,0.1539
2025-07-18,2025-08-08,21,0.057534246575342465,put,306.0,0.9922500258279695,3.1,308.3900146484375,0.04315945205479452,0.004,0.15232568794976692,0.1563
2025-07-18,2025-08-08,21,0.057534246575342465,put,307.0,0.9954926729711981,3.5,308.3900146484375,0.04315945205479452,0.004,0.15180031974191624,0.1545
2025-07-18,2025-08-08,21,0.057534246575342465,put,307.5,0.9971139965428125,3.72,308.3900146484375,0.04315945205479452,0.004,0.15178125840279982,0.1519
2025-07-18,2025-08-08,21,0.057534246575342465,put,308.0,0.9987353201144268,4.0,308.3900146484375,0.04315945205479452,0.004,0.15350862460975317,0.1578
2025-07-18,2025-08-08,21,0.057534246575342465,put,309.0,1.0019779672576554,4.48,308.3900146484375,0.04315945205479452,0.004,0.15331901532606393,0.1555
2025-07-18,2025-08-08,21,0.057534246575342465,put,310.0,1.0052206144008842,5.0,308.3900146484375,0.04315945205479452,0.004,0.15330023032195245,0.1519
2025-07-18,2025-08-08,21,0.057534246575342465,put,311.0,1.0084632615441127,5.58,308.3900146484375,0.04315945205479452,0.004,0.1541476672546955,0.1558
2025-07-18,2025-08-08,21,0.057534246575342465,put,312.0,1.0117059086873414,6.23,308.3900146484375,0.04315945205479452,0.004,0.15627087345358534,0.1576
2025-07-18,2025-08-08,21,0.057534246575342465,put,312.5,1.0133272322589557,6.5,308.3900146484375,0.04315945205479452,0.004,0.15499033750134392,0.1507
2025-07-18,2025-08-08,21,0.057534246575342465,put,313.0,1.0149485558305702,6.88,308.3900146484375,0.04315945205479452,0.004,0.15731001291533647,0.1582
2025-07-18,2025-08-08,21,0.057534246575342465,put,314.0,1.0181912029737987,7.45,308.3900146484375,0.04315945205479452,0.004,0.15430247317848078,0.1547
2025-07-18,2025-08-08,21,0.057534246575342465,put,315.0,1.0214338501170275,8.13,308.3900146484375,0.04315945205479452,0.004,0.15409722502338002,0.1479
2025-07-18,2025-08-08,21,0.057534246575342465,put,316.0,1.024676497260256,8.98,308.3900146484375,0.04315945205479452,0.004,0.1594691815492041,0.15839999999999999
2025-07-18,2025-08-08,21,0.057534246575342465,put,317.0,1.0279191444034848,9.75,308.3900146484375,0.04315945205479452,0.004,0.16085568480220713,0.1591
2025-07-18,2025-08-08,21,0.057534246575342465,put,317.5,1.029540467975099,10.1,308.3900146484375,0.04315945205479452,0.004,0.1596904058597786,0.1572
2025-07-18,2025-08-08,21,0.057534246575342465,put,318.0,1.0311617915467135,10.48,308.3900146484375,0.04315945205479452,0.004,0.15949878460188485,0.156
2025-07-18,2025-08-08,21,0.057534246575342465,put,319.0,1.034404438689942,11.3,308.3900146484375,0.04315945205479452,0.004,0.1610369938581728,0.1563
2025-07-18,2025-08-08,21,0.057534246575342465,put,320.0,1.0376470858331708,12.13,308.3900146484375,0.04315945205479452,0.004,0.16214401349751723,0.1553
2025-07-18,2025-08-08,21,0.057534246575342465,put,321.0,1.0408897329763993,12.93,308.3900146484375,0.04315945205479452,0.004,0.16068086149159927,0.1502
2025-07-18,2025-08-08,21,0.057534246575342465,put,322.0,1.044132380119628,13.88,308.3900146484375,0.04315945205479452,0.004,0.16646881372024402,0.15439999999999998
2025-07-18,2025-08-08,21,0.057534246575342465,put,323.0,1.0473750272628566,14.7,308.3900146484375,0.04315945205479452,0.004,0.16409606606372468,0.1445
2025-07-18,2025-08-08,21,0.057534246575342465,put,324.0,1.0506176744060853,15.6,308.3900146484375,0.04315945205479452,0.004,0.1655581978427662,0.1761
2025-07-18,2025-08-08,21,0.057534246575342465,put,325.0,1.053860321549314,16.5,308.3900146484375,0.04315945205479452,0.004,0.16620102099748008,0.1752
2025-07-18,2025-08-08,21,0.057534246575342465,put,326.0,1.0571029686925426,17.45,308.3900146484375,0.04315945205479452,0.004,0.1698451287220585,0.1777
2025-07-18,2025-08-15,28,0.07671232876712329,call,289.0,0.9371250243930823,21.15,308.3900146484375,0.043412602739726025,0.004,0.20114338984998656,0.198
2025-07-18,2025-08-15,28,0.07671232876712329,call,290.0,0.940367671536311,20.08,308.3900146484375,0.043412602739726025,0.004,0.18903038040756337,0.191
2025-07-18,2025-08-15,28,0.07671232876712329,call,291.0,0.9436103186795396,18.92,308.3900146484375,0.043412602739726025,0.004,0.17083920459185692,0.1705
2025-07-18,2025-08-15,28,0.07671232876712329,call,292.0,0.9468529658227682,18.0,308.3900146484375,0.043412602739726025,0.004,0.1687743936892145,0.1684
2025-07-18,2025-08-15,28,0.07671232876712329,call,293.0,0.950095612965997,17.08,308.3900146484375,0.043412602739726025,0.004,0.16618331250670723,0.16570000000000001
2025-07-18,2025-08-15,28,0.07671232876712329,call,294.0,0.9533382601092256,16.25,308.3900146484375,0.043412602739726025,0.004,0.16812185453965336,0.1684
2025-07-18,2025-08-15,28,0.07671232876712329,call,295.0,0.9565809072524543,15.38,308.3900146484375,0.043412602739726025,0.004,0.16690256763335082,0.1671
2025-07-18,2025-08-15,28,0.07671232876712329,call,296.0,0.9598235543956829,14.48,308.3900146484375,0.043412602739726025,0.004,0.16357127795282073,0.16390000000000002
2025-07-18,2025-08-15,28,0.07671232876712329,call,297.0,0.9630662015389115,13.63,308.3900146484375,0.043412602739726025,0.004,0.16205621614961138,0.16260000000000002
2025-07-18,2025-08-15,28,0.07671232876712329,call,298.0,0.9663088486821402,12.83,308.3900146484375,0.043412602739726025,0.004,0.1619917733456817,0.1711
2025-07-18,2025-08-15,28,0.07671232876712329,call,299.0,0.9695514958253689,12.0,308.3900146484375,0.043412602739726025,0.004,0.15988184397323954,0.1671
2025-07-18,2025-08-15,28,0.07671232876712329,call,300.0,0.9727941429685976,11.25,308.3900146484375,0.043412602739726025,0.004,0.16016731526435946,0.16260000000000002
2025-07-18,2025-08-15,28,0.07671232876712329,call,301.0,0.9760367901118262,10.53,308.3900146484375,0.043412602739726025,0.004,0.1606427998567507,0.16190000000000002
2025-07-18,2025-08-15,28,0.07671232876712329,call,302.0,0.9792794372550548,9.83,308.3900146484375,0.043412602739726025,0.004,0.16090564470380458,0.1623
2025-07-18,2025-08-15,28,0.07671232876712329,call,303.0,0.9825220843982835,9.13,308.3900146484375,0.043412602739726025,0.004,0.16029300021693413,0.166
2025-07-18,2025-08-15,28,0.07671232876712329,call,304.0,0.9857647315415122,8.48,308.3900146484375,0.043412602739726025,0.004,0.16046513373165217,0.15960000000000002
2025-07-18,2025-08-15,28,0.07671232876712329,call,305.0,0.9890073786847409,7.88,308.3900146484375,0.043412602739726025,0.004,0.1613267736721851,0.163
2025-07-18,2025-08-15,28,0.07671232876712329,call,306.0,0.9922500258279695,7.25,308.3900146484375,0.043412602739726025,0.004,0.16038502956631506,0.1666
2025-07-18,2025-08-15,28,0.07671232876712329,call,307.0,0.9954926729711981,6.73,308.3900146484375,0.043412602739726025,0.004,0.16191487970755974,0.1637
2025-07-18,2025-08-15,28,0.07671232876712329,call,308.0,0.9987353201144268,6.18,308.3900146484375,0.043412602739726025,0.004,0.16167134792078772,0.16219999999999998
2025-07-18,2025-08-15,28,0.07671232876712329,call,309.0,1.0019779672576554,5.68,308.3900146484375,0.043412602739726025,0.004,0.16205670510029072,0.1618
2025-07-18,2025-08-15,28,0.07671232876712329,call,310.0,1.0052206144008842,5.2,308.3900146484375,0.043412602739726025,0.004,0.16218532235218336,0.1643
2025-07-18,2025-08-15,28,0.07671232876712329,call,311.0,1.0084632615441127,4.75,308.3900146484375,0.043412602739726025,0.004,0.16235956793804784,0.1643
2025-07-18,2025-08-15,28,0.07671232876712329,call,312.0,1.0117059086873414,4.35,308.3900146484375,0.043412602739726025,0.004,0.16318738321534934,0.1654
2025-07-18,2025-08-15,28,0.07671232876712329,call,313.0,1.0149485558305702,3.95,308.3900146484375,0.043412602739726025,0.004,0.16320292003653294,0.1655
2025-07-18,2025-08-15,28,0.07671232876712329,call,314.0,1.0181912029737987,3.6,308.3900146484375,0.043412602739726025,0.004,0.16392760484627455,0.1656
2025-07-18,2025-08-15,28,0.07671232876712329,call,315.0,1.0214338501170275,3.25,308.3900146484375,0.043412602739726025,0.004,0.1638582842167627,0.1672
2025-07-18,2025-08-15,28,0.07671232876712329,call,316.0,1.024676497260256,2.95,308.3900146484375,0.043412602739726025,0.004,0.16458246766746434,0.16699999999999998
2025-07-18,2025-08-15,28,0.07671232876712329,call,317.0,1.0279191444034848,2.67,308.3900146484375,0.043412602739726025,0.004,0.16520279780302927,0.1673
2025-07-18,2025-08-15,28,0.07671232876712329,call,318.0,1.0311617915467135,2.41,308.3900146484375,0.043412602739726025,0.004,0.16574812609833395,0.16820000000000002
2025-07-18,2025-08-15,28,0.07671232876712329,call,319.0,1.034404438689942,2.16,308.3900146484375,0.043412602739726025,0.004,0.1658894348465446,0.1684
2025-07-18,2025-08-15,28,0.07671232876712329,call,320.0,1.0376470858331708,1.9,308.3900146484375,0.043412602739726025,0.004,0.16485402657530002,0.1678
2025-07-18,2025-08-15,28,0.07671232876712329,call,321.0,1.0408897329763993,1.74,308.3900146484375,0.043412602739726025,0.004,0.166894906306013,0.16949999999999998
2025-07-18,2025-08-15,28,0.07671232876712329,call,322.0,1.044132380119628,1.56,308.3900146484375,0.043412602739726025,0.004,0.16751305878486078,0.17010000000000003
2025-07-18,2025-08-15,28,0.07671232876712329,call,323.0,1.0473750272628566,1.4,308.3900146484375,0.043412602739726025,0.004,0.16829452813336204,0.1709
2025-07-18,2025-08-15,28,0.07671232876712329,call,324.0,1.0506176744060853,1.25,308.3900146484375,0.043412602739726025,0.004,0.1688536868915432,0.17129999999999998
2025-07-18,2025-08-15,28,0.07671232876712329,call,325.0,1.053860321549314,1.12,308.3900146484375,0.043412602739726025,0.004,0.16970187091365588,0.17190000000000003
2025-07-18,2025-08-15,28,0.07671232876712329,call,326.0,1.0571029686925426,1.0,308.3900146484375,0.043412602739726025,0.004,0.17042229631949432,0.172
2025-07-18,2025-08-15,28,0.07671232876712329,call,327.0,1.0603456158357714,0.89,308.3900146484375,0.043412602739726025,0.004,0.17104566751935146,0.1732
2025-07-18,2025-08-15,28,0.07671232876712329,call,328.0,1.0635882629789999,0.73,308.3900146484375,0.043412602739726025,0.004,0.16788670633789468,0.17059999999999997
2025-07-18,2025-08-15,28,0.07671232876712329,put,289.0,0.9371250243930823,0.4,308.3900146484375,0.043412602739726025,0.004,0.1639938039618737,0.1664
2025-07-18,2025-08-15,28,0.07671232876712329,put,290.0,0.940367671536311,0.45,308.3900146484375,0.043412602739726025,0.004,0.16185639985638917,0.16469999999999999
2025-07-18,2025-08-15,28,0.07671232876712329,put,291.0,0.9436103186795396,0.52,308.3900146484375,0.043412602739726025,0.004,0.1607892657547232,0.162
2025-07-18,2025-08-15,28,0.07671232876712329,put,292.0,0.9468529658227682,0.59,308.3900146484375,0.043412602739726025,0.004,0.15904394705087874,0.1618
2025-07-18,2025-08-15,28,0.07671232876712329,put,293.0,0.950095612965997,0.68,308.3900146484375,0.043412602739726025,0.004,0.15802197667816248,0.16140000000000002
2025-07-18,2025-08-15,28,0.07671232876712329,put,294.0,0.9533382601092256,0.78,308.3900146484375,0.043412602739726025,0.004,0.1568892078207052,0.1602
2025-07-18,2025-08-15,28,0.07671232876712329,put,295.0,0.9565809072524543,0.9,308.3900146484375,0.043412602739726025,0.004,0.15615376961299432,0.1588
2025-07-18,2025-08-15,28,0.07671232876712329,put,296.0,0.9598235543956829,1.04,308.3900146484375,0.043412602739726025,0.004,0.15566004366979097,0.1583
2025-07-18,2025-08-15,28,0.07671232876712329,put,297.0,0.9630662015389115,1.19,308.3900146484375,0.043412602739726025,0.004,0.15482181042666754,0.1559
2025-07-18,2025-08-15,28,0.07671232876712329,put,298.0,0.9663088486821402,1.35,308.3900146484375,0.043412602739726025,0.004,0.15364592668699598,0.1561
2025-07-18,2025-08-15,28,0.07671232876712329,put,299.0,0.9695514958253689,1.56,308.3900146484375,0.043412602739726025,0.004,0.15378147226464275,0.1575
2025-07-18,2025-08-15,28,0.07671232876712329,put,300.0,0.9727941429685976,1.77,308.3900146484375,0.043412602739726025,0.004,0.15300784715779153,0.15539999999999998
2025-07-18,2025-08-15,28,0.07671232876712329,put,301.0,0.9760367901118262,2.06,308.3900146484375,0.043412602739726025,0.004,0.154350011861621,0.1563
2025-07-18,2025-08-15,28,0.07671232876712329,put,302.0,0.9792794372550548,2.3,308.3900146484375,0.043412602739726025,0.004,0.15293004911461705,0.1553
2025-07-18,2025-08-15,28,0.07671232876712329,put,303.0,0.9825220843982835,2.62,308.3900146484375,0.043412602739726025,0.004,0.153409853528027,0.1555
2025-07-18,2025-08-15,28,0.07671232876712329,put,304.0,0.9857647315415122,3.0,308.3900146484375,0.043412602739726025,0.004,0.15489154120230483,0.1553
2025-07-18,2025-08-15,28,0.07671232876712329,put,305.0,0.9890073786847409,3.35,308.3900146484375,0.043412602739726025,0.004,0.15445806161867176,0.1576
2025-07-18,2025-08-15,28,0.07671232876712329,put,306.0,0.9922500258279695,3.75,308.3900146484375,0.043412602739726025,0.004,0.15468562469744265,0.1555
2025-07-18,2025-08-15,28,0.07671232876712329,put,307.0,0.9954926729711981,4.2,308.3900146484375,0.043412602739726025,0.004,0.15551687686867582,0.1572
2025-07-18,2025-08-15,28,0.07671232876712329,put,308.0,0.9987353201144268,4.65,308.3900146484375,0.043412602739726025,0.004,0.15544527661698476,0.15689999999999998
2025-07-18,2025-08-15,28,0.07671232876712329,put,309.0,1.0019779672576554,5.2,308.3900146484375,0.043412602739726025,0.004,0.15743556438467543,0.1578
2025-07-18,2025-08-15,28,0.07671232876712329,put,310.0,1.0052206144008842,5.7,308.3900146484375,0.043412602739726025,0.004,0.15707761168896073,0.15839999999999999
2025-07-18,2025-08-15,28,0.07671232876712329,put,311.0,1.0084632615441127,6.15,308.3900146484375,0.043412602739726025,0.004,0.15437492171604103,0.15039999999999998
2025-07-18,2025-08-15,28,0.07671232876712329,put,312.0,1.0117059086873414,6.85,308.3900146484375,0.043412602739726025,0.004,0.15820417650629465,0.1586
2025-07-18,2025-08-15,28,0.07671232876712329,put,313.0,1.0149485558305702,7.5,308.3900146484375,0.043412602739726025,0.004,0.15975844298148612,0.1598
2025-07-18,2025-08-15,28,0.07671232876712329,put,314.0,1.0181912029737987,8.15,308.3900146484375,0.043412602739726025,0.004,0.16051853081818582,0.16010000000000002
2025-07-18,2025-08-15,28,0.07671232876712329,put,315.0,1.0214338501170275,8.8,308.3900146484375,0.043412602739726025,0.004,0.1604692805152358,0.1617
2025-07-18,2025-08-15,28,0.07671232876712329,put,316.0,1.024676497260256,9.45,308.3900146484375,0.043412602739726025,0.004,0.15957318067561582,0.155
2025-07-18,2025-08-15,28,0.07671232876712329,put,317.0,1.0279191444034848,10.15,308.3900146484375,0.043412602739726025,0.004,0.15945943255069298,0.1568
2025-07-18,2025-08-15,28,0.07671232876712329,put,318.0,1.0311617915467135,11.03,308.3900146484375,0.043412602739726025,0.004,0.16479802806364105,0.16140000000000002
2025-07-18,2025-08-15,28,0.07671232876712329,put,319.0,1.034404438689942,11.73,308.3900146484375,0.043412602739726025,0.004,0.16320044641756698,0.1502
2025-07-18,2025-08-15,28,0.07671232876712329,put,320.0,1.0376470858331708,12.5,308.3900146484375,0.043412602739726025,0.004,0.1633019699620763,0.1572
2025-07-18,2025-08-15,28,0.07671232876712329,put,321.0,1.0408897329763993,13.27,308.3900146484375,0.043412602739726025,0.004,0.1625916421745941,0.1548
2025-07-18,2025-08-15,28,0.07671232876712329,put,322.0,1.044132380119628,14.18,308.3900146484375,0.043412602739726025,0.004,0.16692485401276047,0.1572
2025-07-18,2025-08-15,28,0.07671232876712329,put,323.0,1.0473750272628566,15.03,308.3900146484375,0.043412602739726025,0.004,0.16826321752483844,0.1561
2025-07-18,2025-08-15,28,0.07671232876712329,put,324.0,1.0506176744060853,15.83,308.3900146484375,0.043412602739726025,0.004,0.1666172226698736,0.1494
2025-07-18,2025-08-15,28,0.07671232876712329,put,325.0,1.053860321549314,16.78,308.3900146484375,0.043412602739726025,0.004,0.17148176851040567,0.1518
2025-07-18,2025-08-15,28,0.07671232876712329,put,326.0,1.0571029686925426,17.73,308.3900146484375,0.043412602739726025,0.004,0.17610966407694142,0.1532
2025-07-18,2025-08-15,28,0.07671232876712329,put,327.0,1.0603456158357714,18.63,308.3900146484375,0.043412602739726025,0.004,0.1778306896338907,0.14429999999999998
2025-07-18,2025-08-15,28,0.07671232876712329,put,328.0,1.0635882629789999,19.58,308.3900146484375,0.043412602739726025,0.004,0.18188851730629,0.1775
2025-07-18,2025-08-22,35,0.0958904109589041,call,289.0,0.9371250243930823,21.5,308.3900146484375,0.04366575342465753,0.004,0.18850324784151948,0.187
2025-07-18,2025-08-22,35,0.0958904109589041,call,290.0,0.940367671536311,20.55,308.3900146484375,0.04366575342465753,0.004,0.18411291764709203,0.1827
2025-07-18,2025-08-22,35,0.0958904109589041,call,291.0,0.9436103186795396,19.65,308.3900146484375,0.04366575342465753,0.004,0.18203593783601094,0.1809
2025-07-18,2025-08-22,35,0.0958904109589041,call,292.0,0.9468529658227682,18.75,308.3900146484375,0.04366575342465753,0.004,0.17956038062761664,0.17859999999999998
2025-07-18,2025-08-22,35,0.0958904109589041,call,293.0,0.950095612965997,17.78,308.3900146484375,0.04366575342465753,0.004,0.17355277476248562,0.1724
2025-07-18,2025-08-22,35,0.0958904109589041,call,294.0,0.9533382601092256,16.98,308.3900146484375,0.04366575342465753,0.004,0.17479392262748808,0.174
2025-07-18,2025-08-22,35,0.0958904109589041,call,295.0,0.9565809072524543,16.03,308.3900146484375,0.04366575342465753,0.004,0.16916356345415134,0.1685
2025-07-18,2025-08-22,35,0.0958904109589041,call,296.0,0.9598235543956829,14.77,308.3900146484375,0.04366575342465753,0.004,0.15062054381565626,0.1499
2025-07-18,2025-08-22,35,0.0958904109589041,call,297.0,0.9630662015389115,14.38,308.3900146484375,0.04366575342465753,0.004,0.1668086324312071,0.16649999999999998
2025-07-18,2025-08-22,35,0.0958904109589041,call,298.0,0.9663088486821402,13.52,308.3900146484375,0.04366575342465753,0.004,0.1635678721880784,0.1637
2025-07-18,2025-08-22,35,0.0958904109589041,call,299.0,0.9695514958253689,12.83,308.3900146484375,0.04366575342465753,0.004,0.16568274703561225,0.16570000000000001
2025-07-18,2025-08-22,35,0.0958904109589041,call,300.0,0.9727941429685976,12.1,308.3900146484375,0.04366575342465753,0.004,0.1656448783388414,0.166
2025-07-18,2025-08-22,35,0.0958904109589041,call,301.0,0.9760367901118262,11.4,308.3900146484375,0.04366575342465753,0.004,0.1658656686329501,0.1664
2025-07-18,2025-08-22,35,0.0958904109589041,call,302.0,0.9792794372550548,10.63,308.3900146484375,0.04366575342465753,0.004,0.1633054151726263,0.1691
2025-07-18,2025-08-22,35,0.0958904109589041,call,303.0,0.9825220843982835,9.95,308.3900146484375,0.04366575342465753,0.004,0.16284207298694314,0.1635
2025-07-18,2025-08-22,35,0.0958904109589041,call,304.0,0.9857647315415122,9.3,308.3900146484375,0.04366575342465753,0.004,0.16257487444776783,0.16399999999999998
2025-07-18,2025-08-22,35,0.0958904109589041,call,305.0,0.9890073786847409,8.7,308.3900146484375,0.04366575342465753,0.004,0.16302465473096894,0.1583
2025-07-18,2025-08-22,35,0.0958904109589041,call,306.0,0.9922500258279695,8.08,308.3900146484375,0.04366575342465753,0.004,0.16223873954023188,0.1631
2025-07-18,2025-08-22,35,0.0958904109589041,call,307.0,0.9954926729711981,7.48,308.3900146484375,0.04366575342465753,0.004,0.16133676649974482,0.1616
2025-07-18,2025-08-22,35,0.0958904109589041,call,308.0,0.9987353201144268,6.93,308.3900146484375,0.04366575342465753,0.004,0.16110185431774363,0.16210000000000002
2025-07-18,2025-08-22,35,0.0958904109589041,call,309.0,1.0019779672576554,6.43,308.3900146484375,0.04366575342465753,0.004,0.16150821376978639,0.16260000000000002
2025-07-18,2025-08-22,35,0.0958904109589041,call,310.0,1.0052206144008842,5.93,308.3900146484375,0.04366575342465753,0.004,0.16123659072576238,0.1617
2025-07-18,2025-08-22,35,0.0958904109589041,call,311.0,1.0084632615441127,5.48,308.3900146484375,0.04366575342465753,0.004,0.16160644346308276,0.1634
2025-07-18,2025-08-22,35,0.0958904109589041,call,312.0,1.0117059086873414,5.08,308.3900146484375,0.04366575342465753,0.004,0.16263252567872702,0.1659
2025-07-18,2025-08-22,35,0.0958904109589041,call,313.0,1.0149485558305702,4.68,308.3900146484375,0.04366575342465753,0.004,0.16301037540608618,0.1643
2025-07-18,2025-08-22,35,0.0958904109589041,call,314.0,1.0181912029737987,4.28,308.3900146484375,0.04366575342465753,0.004,0.16273539183828492,0.1641
2025-07-18,2025-08-22,35,0.0958904109589041,call,315.0,1.0214338501170275,3.93,308.3900146484375,0.04366575342465753,0.004,0.16317150434193994,0.1638
2025-07-18,2025-08-22,35,0.0958904109589041,call,316.0,1.024676497260256,3.6,308.3900146484375,0.04366575342465753,0.004,0.16353198632641214,0.16510000000000002
2025-07-18,2025-08-22,35,0.0958904109589041,call,317.0,1.0279191444034848,3.3,308.3900146484375,0.04366575342465753,0.004,0.16412375713850416,0.16570000000000001
2025-07-18,2025-08-22,35,0.0958904109589041,call,318.0,1.0311617915467135,3.01,308.3900146484375,0.04366575342465753,0.004,0.1643957255317067,0.16620000000000001
2025-07-18,2025-08-22,35,0.0958904109589041,call,319.0,1.034404438689942,2.76,308.3900146484375,0.04366575342465753,0.004,0.1652677102492534,0.1679
2025-07-18,2025-08-22,35,0.0958904109589041,call,320.0,1.0376470858331708,2.51,308.3900146484375,0.04366575342465753,0.004,0.16555810490839265,0.16690000000000002
2025-07-18,2025-08-22,35,0.0958904109589041,call,321.0,1.0408897329763993,2.28,308.3900146484375,0.04366575342465753,0.004,0.16589375893230324,0.1675
2025-07-18,2025-08-22,35,0.0958904109589041,call,322.0,1.044132380119628,2.07,308.3900146484375,0.04366575342465753,0.004,0.1663120424970629,0.1681
2025-07-18,2025-08-22,35,0.0958904109589041,call,323.0,1.0473750272628566,1.88,308.3900146484375,0.04366575342465753,0.004,0.16685777590594508,0.1685
2025-07-18,2025-08-22,35,0.0958904109589041,call,324.0,1.0506176744060853,1.7,308.3900146484375,0.04366575342465753,0.004,0.16720674369013994,0.16899999999999998
2025-07-18,2025-08-22,35,0.0958904109589041,call,325.0,1.053860321549314,1.55,308.3900146484375,0.04366575342465753,0.004,0.1681602271992074,0.17
2025-07-18,2025-08-22,35,0.0958904109589041,call,326.0,1.0571029686925426,1.39,308.3900146484375,0.04366575342465753,0.004,0.16817964204146713,0.17
2025-07-18,2025-08-22,35,0.0958904109589041,call,327.0,1.0603456158357714,1.26,308.3900146484375,0.04366575342465753,0.004,0.16891441296286255,0.17059999999999997
2025-07-18,2025-08-22,35,0.0958904109589041,call,328.0,1.0635882629789999,1.14,308.3900146484375,0.04366575342465753,0.004,0.1695953407167987,0.171
2025-07-18,2025-08-22,35,0.0958904109589041,put,289.0,0.9371250243930823,0.55,308.3900146484375,0.04366575342465753,0.004,0.15956107963911964,0.16219999999999998
2025-07-18,2025-08-22,35,0.0958904109589041,put,290.0,0.940367671536311,0.63,308.3900146484375,0.04366575342465753,0.004,0.15883304396409215,0.1624
2025-07-18,2025-08-22,35,0.0958904109589041,put,291.0,0.9436103186795396,0.72,308.3900146484375,0.04366575342465753,0.004,0.15811059612192332,0.1597
2025-07-18,2025-08-22,35,0.0958904109589041,put,292.0,0.9468529658227682,0.81,308.3900146484375,0.04366575342465753,0.004,0.15678366896778323,0.1595
2025-07-18,2025-08-22,35,0.0958904109589041,put,293.0,0.950095612965997,0.92,308.3900146484375,0.04366575342465753,0.004,0.1559656876533855,0.157
2025-07-18,2025-08-22,35,0.0958904109589041,put,294.0,0.9533382601092256,1.06,308.3900146484375,0.04366575342465753,0.004,0.15598018322153975,0.15810000000000002
2025-07-18,2025-08-22,35,0.0958904109589041,put,295.0,0.9565809072524543,1.18,308.3900146484375,0.04366575342465753,0.004,0.1543810519638295,0.1564
2025-07-18,2025-08-22,35,0.0958904109589041,put,296.0,0.9598235543956829,1.42,308.3900146484375,0.04366575342465753,0.004,0.1572463460120455,0.1563
2025-07-18,2025-08-22,35,0.0958904109589041,put,297.0,0.9630662015389115,1.59,308.3900146484375,0.04366575342465753,0.004,0.15632821496635627,0.1567
2025-07-18,2025-08-22,35,0.0958904109589041,put,298.0,0.9663088486821402,1.71,308.3900146484375,0.04366575342465753,0.004,0.15295417956978316,0.155
2025-07-18,2025-08-22,35,0.0958904109589041,put,299.0,0.9695514958253689,2.02,308.3900146484375,0.04366575342465753,0.004,0.15583215990951468,0.1566
2025-07-18,2025-08-22,35,0.0958904109589041,put,300.0,0.9727941429685976,2.28,308.3900146484375,0.04366575342465753,0.004,0.15605210454225424,0.1562
2025-07-18,2025-08-22,35,0.0958904109589041,put,301.0,0.9760367901118262,2.55,308.3900146484375,0.04366575342465753,0.004,0.15585733890015066,0.1574
2025-07-18,2025-08-22,35,0.0958904109589041,put,302.0,0.9792794372550548,2.84,308.3900146484375,0.04366575342465753,0.004,0.155574703279987,0.1573
2025-07-18,2025-08-22,35,0.0958904109589041,put,303.0,0.9825220843982835,3.1,308.3900146484375,0.04366575342465753,0.004,0.153720779453268,0.154
2025-07-18,2025-08-22,35,0.0958904109589041,put,304.0,0.9857647315415122,3.55,308.3900146484375,0.04366575342465753,0.004,0.1566767837432885,0.1566
2025-07-18,2025-08-22,35,0.0958904109589041,put,305.0,0.9890073786847409,3.95,308.3900146484375,0.04366575342465753,0.004,0.15738293956354626,0.15869999999999998
2025-07-18,2025-08-22,35,0.0958904109589041,put,306.0,0.9922500258279695,4.38,308.3900146484375,0.04366575342465753,0.004,0.15817538642446968,0.1592
2025-07-18,2025-08-22,35,0.0958904109589041,put,307.0,0.9954926729711981,4.8,308.3900146484375,0.04366575342465753,0.004,0.15797966455493898,0.15710000000000002
2025-07-18,2025-08-22,35,0.0958904109589041,put,308.0,0.9987353201144268,5.28,308.3900146484375,0.04366575342465753,0.004,0.1586847339385261,0.1573
2025-07-18,2025-08-22,35,0.0958904109589041,put,309.0,1.0019779672576554,5.75,308.3900146484375,0.04366575342465753,0.004,0.1584266616198267,0.1558
2025-07-18,2025-08-22,35,0.0958904109589041,put,310.0,1.0052206144008842,6.32,308.3900146484375,0.04366575342465753,0.004,0.16010869219921678,0.1586
2025-07-18,2025-08-22,35,0.0958904109589041,put,311.0,1.0084632615441127,6.83,308.3900146484375,0.04366575342465753,0.004,0.15953312421244567,0.1594
2025-07-18,2025-08-22,35,0.0958904109589041,put,312.0,1.0117059086873414,7.4,308.3900146484375,0.04366575342465753,0.004,0.1598619679819605,0.15960000000000002
2025-07-18,2025-08-22,35,0.0958904109589041,put,313.0,1.0149485558305702,8.05,308.3900146484375,0.04366575342465753,0.004,0.16166122026568147,0.161
2025-07-18,2025-08-22,35,0.0958904109589041,put,314.0,1.0181912029737987,8.65,308.3900146484375,0.04366575342465753,0.004,0.16148002586359325,0.1604
2025-07-18,2025-08-22,35,0.0958904109589041,put,315.0,1.0214338501170275,9.35,308.3900146484375,0.04366575342465753,0.004,0.1633908274193585,0.1618
2025-07-18,2025-08-22,35,0.0958904109589041,put,316.0,1.024676497260256,10.1,308.3900146484375,0.04366575342465753,0.004,0.16612952394622488,0.1641
2025-07-18,2025-08-22,35,0.0958904109589041,put,317.0,1.0279191444034848,10.83,308.3900146484375,0.04366575342465753,0.004,0.16777102066717864,0.165
2025-07-18,2025-08-22,35,0.0958904109589041,put,318.0,1.0311617915467135,11.55,308.3900146484375,0.04366575342465753,0.004,0.16856657020923235,0.1653
2025-07-18,2025-08-22,35,0.0958904109589041,put,319.0,1.034404438689942,12.3,308.3900146484375,0.04366575342465753,0.004,0.16969357361008963,0.1656
2025-07-18,2025-08-22,35,0.0958904109589041,put,320.0,1.0376470858331708,13.0,308.3900146484375,0.04366575342465753,0.004,0.16869297565585017,0.16329999999999997
2025-07-18,2025-08-22,35,0.0958904109589041,put,321.0,1.0408897329763993,13.8,308.3900146484375,0.04366575342465753,0.004,0.17026792277114283,0.1638
2025-07-18,2025-08-22,35,0.0958904109589041,put,322.0,1.044132380119628,14.6,308.3900146484375,0.04366575342465753,0.004,0.17134682047699806,0.1636
2025-07-18,2025-08-22,35,0.0958904109589041,put,323.0,1.0473750272628566,15.55,308.3900146484375,0.04366575342465753,0.004,0.1771586390404504,0.16879999999999998
2025-07-18,2025-08-22,35,0.0958904109589041,put,324.0,1.0506176744060853,16.38,308.3900146484375,0.04366575342465753,0.004,0.17848306991851026,0.16820000000000002
2025-07-18,2025-08-22,35,0.0958904109589041,put,325.0,1.053860321549314,17.23,308.3900146484375,0.04366575342465753,0.004,0.1800946503695094,0.1678
2025-07-18,2025-08-22,35,0.0958904109589041,put,326.0,1.0571029686925426,18.18,308.3900146484375,0.04366575342465753,0.004,0.18515890104724544,0.1718
2025-07-18,2025-08-22,35,0.0958904109589041,put,327.0,1.0603456158357714,19.0,308.3900146484375,0.04366575342465753,0.004,0.18486159591858875,0.1685
2025-07-18,2025-08-22,35,0.0958904109589041,put,328.0,1.0635882629789999,19.95,308.3900146484375,0.04366575342465753,0.004,0.18944859887261065,0.17149999999999999
2025-07-18,2025-08-29,42,0.11506849315068493,call,289.0,0.9371250243930823,21.63,308.3900146484375,0.04391890410958904,0.004,0.1686282326050309,0.1655
2025-07-18,2025-08-29,42,0.11506849315068493,call,290.0,0.940367671536311,20.7,308.3900146484375,0.04391890410958904,0.004,0.16578744767520365,0.1632
2025-07-18,2025-08-29,42,0.11506849315068493,call,291.0,0.9436103186795396,19.88,308.3900146484375,0.04391890410958904,0.004,0.1677708020163492,0.1655
2025-07-18,2025-08-29,42,0.11506849315068493,call,292.0,0.9468529658227682,19.0,308.3900146484375,0.04391890410958904,0.004,0.1663622881944029,0.1646
2025-07-18,2025-08-29,42,0.11506849315068493,call,293.0,0.950095612965997,18.15,308.3900146484375,0.04391890410958904,0.004,0.1657498451860621,0.1642
2025-07-18,2025-08-29,42,0.11506849315068493,call,294.0,0.9533382601092256,17.2,308.3900146484375,0.04391890410958904,0.004,0.160766797620407,0.1593
2025-07-18,2025-08-29,42,0.11506849315068493,call,295.0,0.9565809072524543,16.38,308.3900146484375,0.04391890410958904,0.004,0.1604844419958185,0.1591
2025-07-18,2025-08-29,42,0.11506849315068493,call,296.0,0.9598235543956829,15.52,308.3900146484375,0.04391890410958904,0.004,0.15823931979407196,0.1574
2025-07-18,2025-08-29,42,0.11506849315068493,call,297.0,0.9630662015389115,14.83,308.3900146484375,0.04391890410958904,0.004,0.1612785899206123,0.1604
2025-07-18,2025-08-29,42,0.11506849315068493,call,298.0,0.9663088486821402,14.03,308.3900146484375,0.04391890410958904,0.004,0.15996775674251756,0.1593
2025-07-18,2025-08-29,42,0.11506849315068493,call,299.0,0.9695514958253689,13.3,308.3900146484375,0.04391890410958904,0.004,0.1603005642606139,0.1568
2025-07-18,2025-08-29,42,0.11506849315068493,call,300.0,0.9727941429685976,12.55,308.3900146484375,0.04391890410958904,0.004,0.15944245468769058,0.1592
2025-07-18,2025-08-29,42,0.11506849315068493,call,301.0,0.9760367901118262,11.83,308.3900146484375,0.04391890410958904,0.004,0.1589041263267167,0.15869999999999998
2025-07-18,2025-08-29,42,0.11506849315068493,call,302.0,0.9792794372550548,11.18,308.3900146484375,0.04391890410958904,0.004,0.15971909002773665,0.15960000000000002
2025-07-18,2025-08-29,42,0.11506849315068493,call,303.0,0.9825220843982835,10.5,308.3900146484375,0.04391890410958904,0.004,0.15911415916641347,0.1593
2025-07-18,2025-08-29,42,0.11506849315068493,call,304.0,0.9857647315415122,9.85,308.3900146484375,0.04391890410958904,0.004,0.15873279225481296,0.1577
2025-07-18,2025-08-29,42,0.11506849315068493,call,305.0,0.9890073786847409,9.28,308.3900146484375,0.04391890410958904,0.004,0.15980542188374663,0.16
2025-07-18,2025-08-29,42,0.11506849315068493,call,306.0,0.9922500258279695,8.65,308.3900146484375,0.04391890410958904,0.004,0.15877680784903905,0.1592
2025-07-18,2025-08-29,42,0.11506849315068493,call,307.0,0.9954926729711981,8.15,308.3900146484375,0.04391890410958904,0.004,0.16037975947981364,0.1634
2025-07-18,2025-08-29,42,0.11506849315068493,call,308.0,0.9987353201144268,7.63,308.3900146484375,0.04391890410958904,0.004,0.16089238818851206,0.1595
2025-07-18,2025-08-29,42,0.11506849315068493,call,309.0,1.0019779672576554,7.13,308.3900146484375,0.04391890410958904,0.004,0.16131196794253758,0.16
2025-07-18,2025-08-29,42,0.11506849315068493,call,310.0,1.0052206144008842,6.63,308.3900146484375,0.04391890410958904,0.004,0.16116526988969154,0.1618
2025-07-18,2025-08-29,42,0.11506849315068493,call,311.0,1.0084632615441127,6.18,308.3900146484375,0.04391890410958904,0.004,0.16165717508616598,0.1605
2025-07-18,2025-08-29,42,0.11506849315068493,call,312.0,1.0117059086873414,5.73,308.3900146484375,0.04391890410958904,0.004,0.16159353569766036,0.1623
2025-07-18,2025-08-29,42,0.11506849315068493,call,313.0,1.0149485558305702,5.33,308.3900146484375,0.04391890410958904,0.004,0.16218652246416732,0.163
2025-07-18,2025-08-29,42,0.11506849315068493,call,314.0,1.0181912029737987,4.93,308.3900146484375,0.04391890410958904,0.004,0.16223773309256084,0.1629
2025-07-18,2025-08-29,42,0.11506849315068493,call,315.0,1.0214338501170275,4.58,308.3900146484375,0.04391890410958904,0.004,0.1629837661864167,0.16390000000000002
2025-07-18,2025-08-29,42,0.11506849315068493,call,316.0,1.024676497260256,4.23,308.3900146484375,0.04391890410958904,0.004,0.16320679539244634,0.166
2025-07-18,2025-08-29,42,0.11506849315068493,call,317.0,1.0279191444034848,3.9,308.3900146484375,0.04391890410958904,0.004,0.1634108806679042,0.16399999999999998
2025-07-18,2025-08-29,42,0.11506849315068493,call,318.0,1.0311617915467135,3.6,308.3900146484375,0.04391890410958904,0.004,0.16387555227356412,0.165
2025-07-18,2025-08-29,42,0.11506849315068493,call,319.0,1.034404438689942,3.33,308.3900146484375,0.04391890410958904,0.004,0.16463913889629953,0.1663
2025-07-18,2025-08-29,42,0.11506849315068493,call,320.0,1.0376470858331708,3.05,308.3900146484375,0.04391890410958904,0.004,0.16463280588713838,0.1672
2025-07-18,2025-08-29,42,0.11506849315068493,call,321.0,1.0408897329763993,2.8,308.3900146484375,0.04391890410958904,0.004,0.1649584300364732,0.1663
2025-07-18,2025-08-29,42,0.11506849315068493,call,322.0,1.044132380119628,2.58,308.3900146484375,0.04391890410958904,0.004,0.1656715707632401,0.1668
2025-07-18,2025-08-29,42,0.11506849315068493,call,323.0,1.0473750272628566,2.37,308.3900146484375,0.04391890410958904,0.004,0.16622127441773968,0.1684
2025-07-18,2025-08-29,42,0.11506849315068493,call,324.0,1.0506176744060853,2.17,308.3900146484375,0.04391890410958904,0.004,0.16661454572355755,0.1678
2025-07-18,2025-08-29,42,0.11506849315068493,call,325.0,1.053860321549314,1.98,308.3900146484375,0.04391890410958904,0.004,0.16685804039067978,0.16820000000000002
2025-07-18,2025-08-29,42,0.11506849315068493,call,326.0,1.0571029686925426,1.81,308.3900146484375,0.04391890410958904,0.004,0.16730835219991258,0.16870000000000002
2025-07-18,2025-08-29,42,0.11506849315068493,call,327.0,1.0603456158357714,1.68,308.3900146484375,0.04391890410958904,0.004,0.16875227177814425,0.17010000000000003
2025-07-18,2025-08-29,42,0.11506849315068493,call,328.0,1.0635882629789999,1.51,308.3900146484375,0.04391890410958904,0.004,0.16829990660209324,0.1709
2025-07-18,2025-08-29,42,0.11506849315068493,put,289.0,0.9371250243930823,0.74,308.3900146484375,0.04391890410958904,0.004,0.1585499979644101,0.16149999999999998
2025-07-18,2025-08-29,42,0.11506849315068493,put,290.0,0.940367671536311,0.83,308.3900146484375,0.04391890410958904,0.004,0.1575897615254296,0.1593
2025-07-18,2025-08-29,42,0.11506849315068493,put,291.0,0.9436103186795396,0.93,308.3900146484375,0.04391890410958904,0.004,0.15665160430985528,0.1583
2025-07-18,2025-08-29,42,0.11506849315068493,put,292.0,0.9468529658227682,1.04,308.3900146484375,0.04391890410958904,0.004,0.155693635719934,0.1564
2025-07-18,2025-08-29,42,0.11506849315068493,put,293.0,0.950095612965997,1.17,308.3900146484375,0.04391890410958904,0.004,0.15511585996334798,0.1563
2025-07-18,2025-08-29,42,0.11506849315068493,put,294.0,0.9533382601092256,1.33,308.3900146484375,0.04391890410958904,0.004,0.1552154001524201,0.1572
2025-07-18,2025-08-29,42,0.11506849315068493,put,295.0,0.9565809072524543,1.48,308.3900146484375,0.04391890410958904,0.004,0.15431380939111308,0.1547
2025-07-18,2025-08-29,42,0.11506849315068493,put,296.0,0.9598235543956829,1.65,308.3900146484375,0.04391890410958904,0.004,0.1536221072578136,0.1558
2025-07-18,2025-08-29,42,0.11506849315068493,put,297.0,0.9630662015389115,1.84,308.3900146484375,0.04391890410958904,0.004,0.15307475383385982,0.1545
2025-07-18,2025-08-29,42,0.11506849315068493,put,298.0,0.9663088486821402,2.06,308.3900146484375,0.04391890410958904,0.004,0.15294304723758384,0.15460000000000002
2025-07-18,2025-08-29,42,0.11506849315068493,put,299.0,0.9695514958253689,2.3,308.3900146484375,0.04391890410958904,0.004,0.15283119008470128,0.1551
2025-07-18,2025-08-29,42,0.11506849315068493,put,300.0,0.9727941429685976,2.56,308.3900146484375,0.04391890410958904,0.004,0.15271130667141744,0.1539
2025-07-18,2025-08-29,42,0.11506849315068493,put,301.0,0.9760367901118262,2.85,308.3900146484375,0.04391890410958904,0.004,0.1528455877410882,0.154
2025-07-18,2025-08-29,42,0.11506849315068493,put,302.0,0.9792794372550548,3.15,308.3900146484375,0.04391890410958904,0.004,0.15263866068598464,0.1548
2025-07-18,2025-08-29,42,0.11506849315068493,put,303.0,0.9825220843982835,3.5,308.3900146484375,0.04391890410958904,0.004,0.1531692739099152,0.1533
2025-07-18,2025-08-29,42,0.11506849315068493,put,304.0,0.9857647315415122,3.85,308.3900146484375,0.04391890410958904,0.004,0.15306844908843384,0.1539
2025-07-18,2025-08-29,42,0.11506849315068493,put,305.0,0.9890073786847409,4.25,308.3900146484375,0.04391890410958904,0.004,0.15363660113803307,0.153
2025-07-18,2025-08-29,42,0.11506849315068493,put,306.0,0.9922500258279695,4.68,308.3900146484375,0.04391890410958904,0.004,0.15432953081664075,0.15460000000000002
2025-07-18,2025-08-29,42,0.11506849315068493,put,307.0,0.9954926729711981,5.13,308.3900146484375,0.04391890410958904,0.004,0.15489651216619263,0.1551
2025-07-18,2025-08-29,42,0.11506849315068493,put,308.0,0.9987353201144268,5.65,308.3900146484375,0.04391890410958904,0.004,0.1565546204211354,0.1545
2025-07-18,2025-08-29,42,0.11506849315068493,put,309.0,1.0019779672576554,6.15,308.3900146484375,0.04391890410958904,0.004,0.15712291305788686,0.15460000000000002
2025-07-18,2025-08-29,42,0.11506849315068493,put,310.0,1.0052206144008842,6.63,308.3900146484375,0.04391890410958904,0.004,0.15662897347082466,0.1545
2025-07-18,2025-08-29,42,0.11506849315068493,put,311.0,1.0084632615441127,7.2,308.3900146484375,0.04391890410958904,0.004,0.15771795846468642,0.157
2025-07-18,2025-08-29,42,0.11506849315068493,put,312.0,1.0117059086873414,7.78,308.3900146484375,0.04391890410958904,0.004,0.15848175079505816,0.1548
2025-07-18,2025-08-29,42,0.11506849315068493,put,313.0,1.0149485558305702,8.38,308.3900146484375,0.04391890410958904,0.004,0.15917326173545687,0.1555
2025-07-18,2025-08-29,42,0.11506849315068493,put,314.0,1.0181912029737987,9.0,308.3900146484375,0.04391890410958904,0.004,0.15980598735429183,0.158
2025-07-18,2025-08-29,42,0.11506849315068493,put,315.0,1.0214338501170275,9.53,308.3900146484375,0.04391890410958904,0.004,0.15765096848299873,0.1551
2025-07-18,2025-08-29,42,0.11506849315068493,put,316.0,1.024676497260256,10.33,308.3900146484375,0.04391890410958904,0.004,0.16171354152777445,0.15869999999999998
2025-07-18,2025-08-29,42,0.11506849315068493,put,317.0,1.0279191444034848,11.03,308.3900146484375,0.04391890410958904,0.004,0.1627928524568329,0.1592
2025-07-18,2025-08-29,42,0.11506849315068493,put,318.0,1.0311617915467135,11.75,308.3900146484375,0.04391890410958904,0.004,0.1639051595326874,0.1597
2025-07-18,2025-08-29,42,0.11506849315068493,put,319.0,1.034404438689942,12.38,308.3900146484375,0.04391890410958904,0.004,0.16209031444105554,0.1566
2025-07-18,2025-08-29,42,0.11506849315068493,put,320.0,1.0376470858331708,13.28,308.3900146484375,0.04391890410958904,0.004,0.1671718654283023,0.1611
2025-07-18,2025-08-29,42,0.11506849315068493,put,321.0,1.0408897329763993,14.05,308.3900146484375,0.04391890410958904,0.004,0.16829367811756424,0.16140000000000002
2025-07-18,2025-08-29,42,0.11506849315068493,put,322.0,1.044132380119628,14.7,308.3900146484375,0.04391890410958904,0.004,0.16541192578131717,0.1567
2025-07-18,2025-08-29,42,0.11506849315068493,put,323.0,1.0473750272628566,15.58,308.3900146484375,0.04391890410958904,0.004,0.16887486432958362,0.1589
2025-07-18,2025-08-29,42,0.11506849315068493,put,324.0,1.0506176744060853,16.42,308.3900146484375,0.04391890410958904,0.004,0.17079906813774234,0.1595
2025-07-18,2025-08-29,42,0.11506849315068493,put,325.0,1.053860321549314,17.25,308.3900146484375,0.04391890410958904,0.004,0.17203847791078525,0.1586
2025-07-18,2025-08-29,42,0.11506849315068493,put,326.0,1.0571029686925426,18.13,308.3900146484375,0.04391890410958904,0.004,0.17458041378396613,0.1589
2025-07-18,2025-08-29,42,0.11506849315068493,put,327.0,1.0603456158357714,19.0,308.3900146484375,0.04391890410958904,0.004,0.17648545992218323,0.15839999999999999
2025-07-18,2025-08-29,42,0.11506849315068493,put,328.0,1.0635882629789999,19.9,308.3900146484375,0.04391890410958904,0.004,0.1791607225190549,0.1585
2025-07-18,2025-09-19,63,0.1726027397260274,call,289.0,0.9371250243930823,23.1,308.3900146484375,0.0445572602739726,0.004,0.17071648555593721,0.17420000000000002
2025-07-18,2025-09-19,63,0.1726027397260274,call,290.0,0.940367671536311,22.2,308.3900146484375,0.0445572602739726,0.004,0.16823384381277726,0.16570000000000001
2025-07-18,2025-09-19,63,0.1726027397260274,call,291.0,0.9436103186795396,21.45,308.3900146484375,0.0445572602739726,0.004,0.17025059134073295,0.17149999999999999
2025-07-18,2025-09-19,63,0.1726027397260274,call,292.0,0.9468529658227682,20.55,308.3900146484375,0.0445572602739726,0.004,0.1672452486449104,0.17120000000000002
2025-07-18,2025-09-19,63,0.1726027397260274,call,293.0,0.950095612965997,19.6,308.3900146484375,0.0445572602739726,0.004,0.16261295480494797,0.1606
2025-07-18,2025-09-19,63,0.1726027397260274,call,294.0,0.9533382601092256,18.83,308.3900146484375,0.0445572602739726,0.004,0.16296963399374167,0.161
2025-07-18,2025-09-19,63,0.1726027397260274,call,295.0,0.9565809072524543,18.1,308.3900146484375,0.0445572602739726,0.004,0.16397293506545815,0.1678
2025-07-18,2025-09-19,63,0.1726027397260274,call,296.0,0.9598235543956829,17.3,308.3900146484375,0.0445572602739726,0.004,0.16270496052958344,0.1573
2025-07-18,2025-09-19,63,0.1726027397260274,call,297.0,0.9630662015389115,16.58,308.3900146484375,0.0445572602739726,0.004,0.16312579021457244,0.1617
2025-07-18,2025-09-19,63,0.1726027397260274,call,298.0,0.9663088486821402,15.8,308.3900146484375,0.0445572602739726,0.004,0.16168222070051205,0.16269999999999998
2025-07-18,2025-09-19,63,0.1726027397260274,call,299.0,0.9695514958253689,15.08,308.3900146484375,0.0445572602739726,0.004,0.16134007891613864,0.1602
2025-07-18,2025-09-19,63,0.1726027397260274,call,300.0,0.9727941429685976,14.3,308.3900146484375,0.0445572602739726,0.004,0.15925772257006815,0.156
2025-07-18,2025-09-19,63,0.1726027397260274,call,301.0,0.9760367901118262,13.7,308.3900146484375,0.0445572602739726,0.004,0.16089351062451315,0.1578
2025-07-18,2025-09-19,63,0.1726027397260274,call,302.0,0.9792794372550548,13.08,308.3900146484375,0.0445572602739726,0.004,0.16162575213756503,0.16079999999999997
2025-07-18,2025-09-19,63,0.1726027397260274,call,303.0,0.9825220843982835,12.4,308.3900146484375,0.0445572602739726,0.004,0.16066795980163984,0.16010000000000002
2025-07-18,2025-09-19,63,0.1726027397260274,call,304.0,0.9857647315415122,11.88,308.3900146484375,0.0445572602739726,0.004,0.1626942332692695,0.16210000000000002
2025-07-18,2025-09-19,63,0.1726027397260274,call,305.0,0.9890073786847409,11.2,308.3900146484375,0.0445572602739726,0.004,0.16099372898643127,0.16260000000000002
2025-07-18,2025-09-19,63,0.1726027397260274,call,306.0,0.9922500258279695,10.65,308.3900146484375,0.0445572602739726,0.004,0.1615894624339784,0.1612
2025-07-18,2025-09-19,63,0.1726027397260274,call,307.0,0.9954926729711981,10.0,308.3900146484375,0.0445572602739726,0.004,0.15979228712118854,0.1575
2025-07-18,2025-09-19,63,0.1726027397260274,call,308.0,0.9987353201144268,9.48,308.3900146484375,0.0445572602739726,0.004,0.1602264950293589,0.15990000000000001
2025-07-18,2025-09-19,63,0.1726027397260274,call,309.0,1.0019779672576554,8.98,308.3900146484375,0.0445572602739726,0.004,0.16066931170962176,0.1604
2025-07-18,2025-09-19,63,0.1726027397260274,call,310.0,1.0052206144008842,8.48,308.3900146484375,0.0445572602739726,0.004,0.16073142869165136,0.1605
2025-07-18,2025-09-19,63,0.1726027397260274,call,311.0,1.0084632615441127,8.03,308.3900146484375,0.0445572602739726,0.004,0.1613977915370926,0.1598
2025-07-18,2025-09-19,63,0.1726027397260274,call,312.0,1.0117059086873414,7.58,308.3900146484375,0.0445572602739726,0.004,0.1616920921370343,0.1616
2025-07-18,2025-09-19,63,0.1726027397260274,call,313.0,1.0149485558305702,7.13,308.3900146484375,0.0445572602739726,0.004,0.1616183239862283,0.1605
2025-07-18,2025-09-19,63,0.1726027397260274,call,314.0,1.0181912029737987,6.73,308.3900146484375,0.0445572602739726,0.004,0.16216352517717114,0.16219999999999998
2025-07-18,2025-09-19,63,0.1726027397260274,call,315.0,1.0214338501170275,6.35,308.3900146484375,0.0445572602739726,0.004,0.16274822612455417,0.1629
2025-07-18,2025-09-19,63,0.1726027397260274,call,316.0,1.024676497260256,5.98,308.3900146484375,0.0445572602739726,0.004,0.16318124999547723,0.16329999999999997
2025-07-18,2025-09-19,63,0.1726027397260274,call,317.0,1.0279191444034848,5.63,308.3900146484375,0.0445572602739726,0.004,0.1636696554512906,0.1638
2025-07-18,2025-09-19,63,0.1726027397260274,call,318.0,1.0311617915467135,5.3,308.3900146484375,0.0445572602739726,0.004,0.1642245891665253,0.16449999999999998
2025-07-18,2025-09-19,63,0.1726027397260274,call,319.0,1.034404438689942,4.98,308.3900146484375,0.0445572602739726,0.004,0.16465015392508606,0.16329999999999997
2025-07-18,2025-09-19,63,0.1726027397260274,call,320.0,1.0376470858331708,4.68,308.3900146484375,0.0445572602739726,0.004,0.1651626718368314,0.1649
2025-07-18,2025-09-19,63,0.1726027397260274,call,321.0,1.0408897329763993,4.38,308.3900146484375,0.0445572602739726,0.004,0.16534495712331823,0.1655
2025-07-18,2025-09-19,63,0.1726027397260274,call,322.0,1.044132380119628,4.1,308.3900146484375,0.0445572602739726,0.004,0.16562939691653114,0.1671
2025-07-18,2025-09-19,63,0.1726027397260274,call,323.0,1.0473750272628566,3.85,308.3900146484375,0.0445572602739726,0.004,0.1662593089237049,0.16670000000000001
2025-07-18,2025-09-19,63,0.1726027397260274,call,324.0,1.0506176744060853,3.6,308.3900146484375,0.0445572602739726,0.004,0.16657725350435637,0.16820000000000002
2025-07-18,2025-09-19,63,0.1726027397260274,call,325.0,1.053860321549314,3.38,308.3900146484375,0.0445572602739726,0.004,0.16728380718586391,0.16829999999999998
2025-07-18,2025-09-19,63,0.1726027397260274,call,326.0,1.0571029686925426,3.15,308.3900146484375,0.0445572602739726,0.004,0.16744826502677912,0.168
2025-07-18,2025-09-19,63,0.1726027397260274,call,327.0,1.0603456158357714,2.96,308.3900146484375,0.0445572602739726,0.004,0.16829128174442845,0.16870000000000002
2025-07-18,2025-09-19,63,0.1726027397260274,call,328.0,1.0635882629789999,2.76,308.3900146484375,0.0445572602739726,0.004,0.16859549830659062,0.1693
2025-07-18,2025-09-19,63,0.1726027397260274,put,289.0,0.9371250243930823,1.3,308.3900146484375,0.0445572602739726,0.004,0.15615754503036633,0.1578
2025-07-18,2025-09-19,63,0.1726027397260274,put,290.0,0.940367671536311,1.43,308.3900146484375,0.0445572602739726,0.004,0.15559691517271423,0.1575
2025-07-18,2025-09-19,63,0.1726027397260274,put,291.0,0.9436103186795396,1.66,308.3900146484375,0.0445572602739726,0.004,0.1580166633658544,0.1558
2025-07-18,2025-09-19,63,0.1726027397260274,put,292.0,0.9468529658227682,1.81,308.3900146484375,0.0445572602739726,0.004,0.157249293722677,0.1564
2025-07-18,2025-09-19,63,0.1726027397260274,put,293.0,0.950095612965997,1.9,308.3900146484375,0.0445572602739726,0.004,0.15432267185761778,0.1548
2025-07-18,2025-09-19,63,0.1726027397260274,put,294.0,0.9533382601092256,2.09,308.3900146484375,0.0445572602739726,0.004,0.15413549649308603,0.155
2025-07-18,2025-09-19,63,0.1726027397260274,put,295.0,0.9565809072524543,2.39,308.3900146484375,0.0445572602739726,0.004,0.15658791223084906,0.1555
2025-07-18,2025-09-19,63,0.1726027397260274,put,296.0,0.9598235543956829,2.51,308.3900146484375,0.0445572602739726,0.004,0.1536615457825752,0.15439999999999998
2025-07-18,2025-09-19,63,0.1726027397260274,put,297.0,0.9630662015389115,2.75,308.3900146484375,0.0445572602739726,0.004,0.153607510214051,0.1535
2025-07-18,2025-09-19,63,0.1726027397260274,put,298.0,0.9663088486821402,3.01,308.3900146484375,0.0445572602739726,0.004,0.15363849131569496,0.154
2025-07-18,2025-09-19,63,0.1726027397260274,put,299.0,0.9695514958253689,3.3,308.3900146484375,0.0445572602739726,0.004,0.15397140962560601,0.15410000000000001
2025-07-18,2025-09-19,63,0.1726027397260274,put,300.0,0.9727941429685976,3.6,308.3900146484375,0.0445572602739726,0.004,0.15410589956198004,0.1553
2025-07-18,2025-09-19,63,0.1726027397260274,put,301.0,0.9760367901118262,3.9,308.3900146484375,0.0445572602739726,0.004,0.15382657339684827,0.1542
2025-07-18,2025-09-19,63,0.1726027397260274,put,302.0,0.9792794372550548,4.25,308.3900146484375,0.0445572602739726,0.004,0.15424947388519344,0.1552
2025-07-18,2025-09-19,63,0.1726027397260274,put,303.0,0.9825220843982835,4.73,308.3900146484375,0.0445572602739726,0.004,0.15702187108958401,0.155
2025-07-18,2025-09-19,63,0.1726027397260274,put,304.0,0.9857647315415122,5.13,308.3900146484375,0.0445572602739726,0.004,0.15761207860880652,0.15380000000000002
2025-07-18,2025-09-19,63,0.1726027397260274,put,305.0,0.9890073786847409,5.48,308.3900146484375,0.0445572602739726,0.004,0.15676340829158628,0.1555
2025-07-18,2025-09-19,63,0.1726027397260274,put,306.0,0.9922500258279695,5.98,308.3900146484375,0.0445572602739726,0.004,0.15858572598172593,0.1561
2025-07-18,2025-09-19,63,0.1726027397260274,put,307.0,0.9954926729711981,6.38,308.3900146484375,0.0445572602739726,0.004,0.15797519163873067,0.1555
2025-07-18,2025-09-19,63,0.1726027397260274,put,308.0,0.9987353201144268,6.78,308.3900146484375,0.0445572602739726,0.004,0.15699153263328328,0.15710000000000002
2025-07-18,2025-09-19,63,0.1726027397260274,put,309.0,1.0019779672576554,7.28,308.3900146484375,0.0445572602739726,0.004,0.15760650681456623,0.1549
2025-07-18,2025-09-19,63,0.1726027397260274,put,310.0,1.0052206144008842,7.88,308.3900146484375,0.0445572602739726,0.004,0.1597928596748375,0.1588
2025-07-18,2025-09-19,63,0.1726027397260274,put,311.0,1.0084632615441127,8.5,308.3900146484375,0.0445572602739726,0.004,0.16198140914678735,0.15990000000000001
2025-07-18,2025-09-19,63,0.1726027397260274,put,312.0,1.0117059086873414,8.98,308.3900146484375,0.0445572602739726,0.004,0.16105479912558895,0.16
2025-07-18,2025-09-19,63,0.1726027397260274,put,313.0,1.0149485558305702,9.58,308.3900146484375,0.0445572602739726,0.004,0.16211201450996196,0.1592
2025-07-18,2025-09-19,63,0.1726027397260274,put,314.0,1.0181912029737987,10.18,308.3900146484375,0.0445572602739726,0.004,0.1628109256638556,0.15789999999999998
2025-07-18,2025-09-19,63,0.1726027397260274,put,315.0,1.0214338501170275,10.8,308.3900146484375,0.0445572602739726,0.004,0.16355252318471147,0.1598
2025-07-18,2025-09-19,63,0.1726027397260274,put,316.0,1.024676497260256,11.45,308.3900146484375,0.0445572602739726,0.004,0.16454780330991656,0.158
2025-07-18,2025-09-19,63,0.1726027397260274,put,317.0,1.0279191444034848,12.13,308.3900146484375,0.0445572602739726,0.004,0.16581498529724353,0.1583
2025-07-18,2025-09-19,63,0.1726027397260274,put,318.0,1.0311617915467135,12.83,308.3900146484375,0.0445572602739726,0.004,0.16717068856520667,0.1588
2025-07-18,2025-09-19,63,0.1726027397260274,put,319.0,1.034404438689942,13.5,308.3900146484375,0.0445572602739726,0.004,0.16759136982640943,0.1586
2025-07-18,2025-09-19,63,0.1726027397260274,put,320.0,1.0376470858331708,14.23,308.3900146484375,0.0445572602739726,0.004,0.16894924005832399,0.161
2025-07-18,2025-09-19,63,0.1726027397260274,put,321.0,1.0408897329763993,15.0,308.3900146484375,0.0445572602739726,0.004,0.17087226188543922,0.1593
2025-07-18,2025-09-19,63,0.1726027397260274,put,322.0,1.044132380119628,15.75,308.3900146484375,0.0445572602739726,0.004,0.17209241082645965,0.1591
2025-07-18,2025-09-19,63,0.1726027397260274,put,323.0,1.0473750272628566,16.53,308.3900146484375,0.0445572602739726,0.004,0.17369876487461747,0.1586
2025-07-18,2025-09-19,63,0.1726027397260274,put,324.0,1.0506176744060853,17.3,308.3900146484375,0.0445572602739726,0.004,0.17481862255567593,0.1594
2025-07-18,2025-09-19,63,0.1726027397260274,put,325.0,1.053860321549314,18.15,308.3900146484375,0.0445572602739726,0.004,0.1775227944679343,0.16620000000000001
2025-07-18,2025-09-19,63,0.1726027397260274,put,326.0,1.0571029686925426,19.0,308.3900146484375,0.0445572602739726,0.004,0.1800293811929359,0.16760000000000003
2025-07-18,2025-09-19,63,0.1726027397260274,put,327.0,1.0603456158357714,19.78,308.3900146484375,0.0445572602739726,0.004,0.1806513161856564,0.1664
2025-07-18,2025-09-19,63,0.1726027397260274,put,328.0,1.0635882629789999,20.7,308.3900146484375,0.0445572602739726,0.004,0.18445660560582633,0.16940000000000002
2025-07-18,2025-09-30,74,0.20273972602739726,call,289.0,0.9371250243930823,23.6,308.3900146484375,0.04434027397260274,0.004,0.16437381668595957,0.1607
2025-07-18,2025-09-30,74,0.20273972602739726,call,290.0,0.940367671536311,22.73,308.3900146484375,0.04434027397260274,0.004,0.16278670463633468,0.1592
2025-07-18,2025-09-30,74,0.20273972602739726,call,291.0,0.9436103186795396,22.03,308.3900146484375,0.04434027397260274,0.004,0.16574532079443943,0.1625
2025-07-18,2025-09-30,74,0.20273972602739726,call,292.0,0.9468529658227682,21.1,308.3900146484375,0.04434027397260274,0.004,0.161959867947195,0.159
2025-07-18,2025-09-30,74,0.20273972602739726,call,293.0,0.950095612965997,20.38,308.3900146484375,0.04434027397260274,0.004,0.16354719973550158,0.16079999999999997
2025-07-18,2025-09-30,74,0.20273972602739726,call,294.0,0.9533382601092256,19.53,308.3900146484375,0.04434027397260274,0.004,0.16143778360341451,0.1588
2025-07-18,2025-09-30,74,0.20273972602739726,call,295.0,0.9565809072524543,18.75,308.3900146484375,0.04434027397260274,0.004,0.16081938643484278,0.1646
2025-07-18,2025-09-30,74,0.20273972602739726,call,296.0,0.9598235543956829,18.05,308.3900146484375,0.04434027397260274,0.004,0.1617680664809455,0.15960000000000002
2025-07-18,2025-09-30,74,0.20273972602739726,call,297.0,0.9630662015389115,17.3,308.3900146484375,0.04434027397260274,0.004,0.1611901887183562,0.16010000000000002
2025-07-18,2025-09-30,74,0.20273972602739726,call,298.0,0.9663088486821402,16.43,308.3900146484375,0.04434027397260274,0.004,0.15766722010324805,0.1557
2025-07-18,2025-09-30,74,0.20273972602739726,call,299.0,0.9695514958253689,15.77,308.3900146484375,0.04434027397260274,0.004,0.1584963971005962,0.1603
2025-07-18,2025-09-30,74,0.20273972602739726,call,300.0,0.9727941429685976,15.2,308.3900146484375,0.04434027397260274,0.004,0.1608154295086247,0.1616
2025-07-18,2025-09-30,74,0.20273972602739726,call,301.0,0.9760367901118262,14.53,308.3900146484375,0.04434027397260274,0.004,0.1606551322672895,0.1591
2025-07-18,2025-09-30,74,0.20273972602739726,call,302.0,0.9792794372550548,13.88,308.3900146484375,0.04434027397260274,0.004,0.16056789480332243,0.1592
2025-07-18,2025-09-30,74,0.20273972602739726,call,303.0,0.9825220843982835,13.08,308.3900146484375,0.04434027397260274,0.004,0.15722147524767138,0.15539999999999998
2025-07-18,2025-09-30,74,0.20273972602739726,call,304.0,0.9857647315415122,12.48,308.3900146484375,0.04434027397260274,0.004,0.15750239527750784,0.1563
2025-07-18,2025-09-30,74,0.20273972602739726,call,305.0,0.9890073786847409,11.98,308.3900146484375,0.04434027397260274,0.004,0.1593334134672718,0.1549
2025-07-18,2025-09-30,74,0.20273972602739726,call,306.0,0.9922500258279695,11.4,308.3900146484375,0.04434027397260274,0.004,0.15929041651338913,0.15839999999999999
2025-07-18,2025-09-30,74,0.20273972602739726,call,307.0,0.9954926729711981,10.77,308.3900146484375,0.04434027397260274,0.004,0.15799712397625504,0.1572
2025-07-18,2025-09-30,74,0.20273972602739726,call,308.0,0.9987353201144268,10.25,308.3900146484375,0.04434027397260274,0.004,0.15841604605920112,0.1576
2025-07-18,2025-09-30,74,0.20273972602739726,call,309.0,1.0019779672576554,9.73,308.3900146484375,0.04434027397260274,0.004,0.15850258834773157,0.1577
2025-07-18,2025-09-30,74,0.20273972602739726,call,310.0,1.0052206144008842,9.23,308.3900146484375,0.04434027397260274,0.004,0.15862619259084942,0.15789999999999998
2025-07-18,2025-09-30,74,0.20273972602739726,call,311.0,1.0084632615441127,8.77,308.3900146484375,0.04434027397260274,0.004,0.1591492555950101,0.15869999999999998
2025-07-18,2025-09-30,74,0.20273972602739726,call,312.0,1.0117059086873414,8.33,308.3900146484375,0.04434027397260274,0.004,0.15971191767927126,0.1591
2025-07-18,2025-09-30,74,0.20273972602739726,call,313.0,1.0149485558305702,7.88,308.3900146484375,0.04434027397260274,0.004,0.1597765377123625,0.1592
2025-07-18,2025-09-30,74,0.20273972602739726,call,314.0,1.0181912029737987,7.48,308.3900146484375,0.04434027397260274,0.004,0.16043323288089115,0.16
2025-07-18,2025-09-30,74,0.20273972602739726,call,315.0,1.0214338501170275,7.08,308.3900146484375,0.04434027397260274,0.004,0.16078227344607052,0.16010000000000002
2025-07-18,2025-09-30,74,0.20273972602739726,call,316.0,1.024676497260256,6.73,308.3900146484375,0.04434027397260274,0.004,0.1617435656667915,0.16140000000000002
2025-07-18,2025-09-30,74,0.20273972602739726,call,317.0,1.0279191444034848,6.33,308.3900146484375,0.04434027397260274,0.004,0.1614848942599537,0.1612
2025-07-18,2025-09-30,74,0.20273972602739726,call,318.0,1.0311617915467135,6.0,308.3900146484375,0.04434027397260274,0.004,0.16222633152661384,0.162
2025-07-18,2025-09-30,74,0.20273972602739726,call,319.0,1.034404438689942,5.68,308.3900146484375,0.04434027397260274,0.004,0.1628704206165092,0.16260000000000002
2025-07-18,2025-09-30,74,0.20273972602739726,call,320.0,1.0376470858331708,5.35,308.3900146484375,0.04434027397260274,0.004,0.16303753067587487,0.16390000000000002
2025-07-18,2025-09-30,74,0.20273972602739726,call,321.0,1.0408897329763993,5.08,308.3900146484375,0.04434027397260274,0.004,0.1640821993309953,0.16390000000000002
2025-07-18,2025-09-30,74,0.20273972602739726,call,322.0,1.044132380119628,4.78,308.3900146484375,0.04434027397260274,0.004,0.16426855621346792,0.1641
2025-07-18,2025-09-30,74,0.20273972602739726,call,323.0,1.0473750272628566,4.5,308.3900146484375,0.04434027397260274,0.004,0.16457170177402872,0.1646
2025-07-18,2025-09-30,74,0.20273972602739726,call,324.0,1.0506176744060853,4.25,308.3900146484375,0.04434027397260274,0.004,0.16521355955019887,0.16519999999999999
2025-07-18,2025-09-30,74,0.20273972602739726,call,325.0,1.053860321549314,4.0,308.3900146484375,0.04434027397260274,0.004,0.1655922573127949,0.1656
2025-07-18,2025-09-30,74,0.20273972602739726,call,326.0,1.0571029686925426,3.78,308.3900146484375,0.04434027397260274,0.004,0.16634719388546135,0.1663
2025-07-18,2025-09-30,74,0.20273972602739726,call,327.0,1.0603456158357714,3.55,308.3900146484375,0.04434027397260274,0.004,0.16663186728767643,0.16670000000000001
2025-07-18,2025-09-30,74,0.20273972602739726,call,328.0,1.0635882629789999,3.35,308.3900146484375,0.04434027397260274,0.004,0.1673272532872226,0.1675
2025-07-18,2025-09-30,74,0.20273972602739726,put,289.0,0.9371250243930823,1.65,308.3900146484375,0.04434027397260274,0.004,0.157393413948003,0.15789999999999998
2025-07-18,2025-09-30,74,0.20273972602739726,put,290.0,0.940367671536311,1.71,308.3900146484375,0.04434027397260274,0.004,0.15420309634606955,0.15460000000000002
2025-07-18,2025-09-30,74,0.20273972602739726,put,291.0,0.9436103186795396,1.87,308.3900146484375,0.04434027397260274,0.004,0.15387546431364532,0.1547
2025-07-18,2025-09-30,74,0.20273972602739726,put,292.0,0.9468529658227682,2.04,308.3900146484375,0.04434027397260274,0.004,0.15349821930547314,0.154
2025-07-18,2025-09-30,74,0.20273972602739726,put,293.0,0.950095612965997,2.32,308.3900146484375,0.04434027397260274,0.004,0.15574463116555967,0.1562
2025-07-18,2025-09-30,74,0.20273972602739726,put,294.0,0.9533382601092256,2.52,308.3900146484375,0.04434027397260274,0.004,0.15539525636815865,0.1542
2025-07-18,2025-09-30,74,0.20273972602739726,put,295.0,0.9565809072524543,2.65,308.3900146484375,0.04434027397260274,0.004,0.15298643950674923,0.1525
2025-07-18,2025-09-30,74,0.20273972602739726,put,296.0,0.9598235543956829,3.0,308.3900146484375,0.04434027397260274,0.004,0.1556393369321126,0.1532
2025-07-18,2025-09-30,74,0.20273972602739726,put,297.0,0.9630662015389115,3.15,308.3900146484375,0.04434027397260274,0.004,0.153159785457001,0.154
2025-07-18,2025-09-30,74,0.20273972602739726,put,298.0,0.9663088486821402,3.4,308.3900146484375,0.04434027397260274,0.004,0.1527125860435671,0.1527
2025-07-18,2025-09-30,74,0.20273972602739726,put,299.0,0.9695514958253689,3.7,308.3900146484375,0.04434027397260274,0.004,0.15302331029255364,0.15289999999999998
2025-07-18,2025-09-30,74,0.20273972602739726,put,300.0,0.9727941429685976,4.05,308.3900146484375,0.04434027397260274,0.004,0.15401772300145986,0.1549
2025-07-18,2025-09-30,74,0.20273972602739726,put,301.0,0.9760367901118262,4.35,308.3900146484375,0.04434027397260274,0.004,0.15358807345521822,0.1533
2025-07-18,2025-09-30,74,0.20273972602739726,put,302.0,0.9792794372550548,4.7,308.3900146484375,0.04434027397260274,0.004,0.15383430674311213,0.1534
2025-07-18,2025-09-30,74,0.20273972602739726,put,303.0,0.9825220843982835,5.08,308.3900146484375,0.04434027397260274,0.004,0.15431443561147917,0.1536
2025-07-18,2025-09-30,74,0.20273972602739726,put,304.0,0.9857647315415122,5.58,308.3900146484375,0.04434027397260274,0.004,0.1567445779443017,0.1525
2025-07-18,2025-09-30,74,0.20273972602739726,put,305.0,0.9890073786847409,5.88,308.3900146484375,0.04434027397260274,0.004,0.15496876352316633,0.1539
2025-07-18,2025-09-30,74,0.20273972602739726,put,306.0,0.9922500258279695,6.33,308.3900146484375,0.04434027397260274,0.004,0.15571119215248932,0.15439999999999998
2025-07-18,2025-09-30,74,0.20273972602739726,put,307.0,0.9954926729711981,6.78,308.3900146484375,0.04434027397260274,0.004,0.1561010235146445,0.1536
2025-07-18,2025-09-30,74,0.20273972602739726,put,308.0,0.9987353201144268,7.38,308.3900146484375,0.04434027397260274,0.004,0.15889965038342865,0.1572
2025-07-18,2025-09-30,74,0.20273972602739726,put,309.0,1.0019779672576554,7.88,308.3900146484375,0.04434027397260274,0.004,0.15950995394107526,0.1534
2025-07-18,2025-09-30,74,0.20273972602739726,put,310.0,1.0052206144008842,8.27,308.3900146484375,0.04434027397260274,0.004,0.15779793703825198,0.1567
2025-07-18,2025-09-30,74,0.20273972602739726,put,311.0,1.0084632615441127,8.83,308.3900146484375,0.04434027397260274,0.004,0.1588463244407706,0.1563
2025-07-18,2025-09-30,74,0.20273972602739726,put,312.0,1.0117059086873414,9.5,308.3900146484375,0.04434027397260274,0.004,0.16155825889141165,0.156
2025-07-18,2025-09-30,74,0.20273972602739726,put,313.0,1.0149485558305702,10.03,308.3900146484375,0.04434027397260274,0.004,0.16142568354022307,0.15810000000000002
2025-07-18,2025-09-30,74,0.20273972602739726,put,314.0,1.0181912029737987,10.63,308.3900146484375,0.04434027397260274,0.004,0.1622504108914723,0.1586
2025-07-18,2025-09-30,74,0.20273972602739726,put,315.0,1.0214338501170275,11.25,308.3900146484375,0.04434027397260274,0.004,0.16313722282486612,0.1572
2025-07-18,2025-09-30,74,0.20273972602739726,put,316.0,1.024676497260256,11.9,308.3900146484375,0.04434027397260274,0.004,0.16427906473906054,0.1575
2025-07-18,2025-09-30,74,0.20273972602739726,put,317.0,1.0279191444034848,12.58,308.3900146484375,0.04434027397260274,0.004,0.16569088555876121,0.1606
2025-07-18,2025-09-30,74,0.20273972602739726,put,318.0,1.0311617915467135,13.28,308.3900146484375,0.04434027397260274,0.004,0.16720349791526667,0.1585
2025-07-18,2025-09-30,74,0.20273972602739726,put,319.0,1.034404438689942,14.0,308.3900146484375,0.04434027397260274,0.004,0.16883129773114877,0.16269999999999998
2025-07-18,2025-09-30,74,0.20273972602739726,put,320.0,1.0376470858331708,14.7,308.3900146484375,0.04434027397260274,0.004,0.1698248963128965,0.163
2025-07-18,2025-09-30,74,0.20273972602739726,put,321.0,1.0408897329763993,15.38,308.3900146484375,0.04434027397260274,0.004,0.1701699303750903,0.1624
2025-07-18,2025-09-30,74,0.20273972602739726,put,322.0,1.044132380119628,16.18,308.3900146484375,0.04434027397260274,0.004,0.17260273013813268,0.1642
2025-07-18,2025-09-30,74,0.20273972602739726,put,323.0,1.0473750272628566,16.95,308.3900146484375,0.04434027397260274,0.004,0.17423153157368224,0.16510000000000002
2025-07-18,2025-09-30,74,0.20273972602739726,put,324.0,1.0506176744060853,17.7,308.3900146484375,0.04434027397260274,0.004,0.17523342581390422,0.1598
2025-07-18,2025-09-30,74,0.20273972602739726,put,325.0,1.053860321549314,18.5,308.3900146484375,0.04434027397260274,0.004,0.17703193360391467,0.1661
2025-07-18,2025-09-30,74,0.20273972602739726,put,326.0,1.0571029686925426,19.28,308.3900146484375,0.04434027397260274,0.004,0.17820899582815275,0.16579999999999998
2025-07-18,2025-09-30,74,0.20273972602739726,put,327.0,1.0603456158357714,20.05,308.3900146484375,0.04434027397260274,0.004,0.1789538411915561,0.1653
2025-07-18,2025-09-30,74,0.20273972602739726,put,328.0,1.0635882629789999,20.85,308.3900146484375,0.04434027397260274,0.004,0.18012476841538633,0.165
2025-07-18,2025-10-17,91,0.2493150684931507,call,289.0,0.9371250243930823,24.45,308.3900146484375,0.04400493150684932,0.004,0.159847066057823,0.1543
2025-07-18,2025-10-17,91,0.2493150684931507,call,290.0,0.940367671536311,23.73,308.3900146484375,0.04400493150684932,0.004,0.16187846874124032,0.1605
2025-07-18,2025-10-17,91,0.2493150684931507,call,291.0,0.9436103186795396,22.9,308.3900146484375,0.04400493150684932,0.004,0.1608152260195931,0.156
2025-07-18,2025-10-17,91,0.2493150684931507,call,292.0,0.9468529658227682,22.15,308.3900146484375,0.04400493150684932,0.004,0.16140472890092133,0.1533
2025-07-18,2025-10-17,91,0.2493150684931507,call,293.0,0.950095612965997,21.3,308.3900146484375,0.04400493150684932,0.004,0.1594216134650031,0.1552
2025-07-18,2025-10-17,91,0.2493150684931507,call,294.0,0.9533382601092256,20.55,308.3900146484375,0.04400493150684932,0.004,0.15946452696397928,0.1555
2025-07-18,2025-10-17,91,0.2493150684931507,call,295.0,0.9565809072524543,19.83,308.3900146484375,0.04400493150684932,0.004,0.15985727997034538,0.156
2025-07-18,2025-10-17,91,0.2493150684931507,call,296.0,0.9598235543956829,19.08,308.3900146484375,0.04400493150684932,0.004,0.15933083741439688,0.1557
2025-07-18,2025-10-17,91,0.2493150684931507,call,297.0,0.9630662015389115,18.28,308.3900146484375,0.04400493150684932,0.004,0.15755188596551725,0.15410000000000001
2025-07-18,2025-10-17,91,0.2493150684931507,call,298.0,0.9663088486821402,17.65,308.3900146484375,0.04400493150684932,0.004,0.15890164497715326,0.1558
2025-07-18,2025-10-17,91,0.2493150684931507,call,299.0,0.9695514958253689,16.95,308.3900146484375,0.04400493150684932,0.004,0.1585748231191751,0.15560000000000002
2025-07-18,2025-10-17,91,0.2493150684931507,call,300.0,0.9727941429685976,16.3,308.3900146484375,0.04400493150684932,0.004,0.15891599679997695,0.159
2025-07-18,2025-10-17,91,0.2493150684931507,call,301.0,0.9760367901118262,15.65,308.3900146484375,0.04400493150684932,0.004,0.1589680050497793,0.1563
2025-07-18,2025-10-17,91,0.2493150684931507,call,302.0,0.9792794372550548,14.95,308.3900146484375,0.04400493150684932,0.004,0.1578508236193694,0.1553
2025-07-18,2025-10-17,91,0.2493150684931507,call,303.0,0.9825220843982835,14.48,308.3900146484375,0.04400493150684932,0.004,0.1605396005030556,0.15810000000000002
2025-07-18,2025-10-17,91,0.2493150684931507,call,304.0,0.9857647315415122,13.8,308.3900146484375,0.04400493150684932,0.004,0.1592430858551681,0.157
2025-07-18,2025-10-17,91,0.2493150684931507,call,305.0,0.9890073786847409,13.23,308.3900146484375,0.04400493150684932,0.004,0.15959092196531066,0.1574
2025-07-18,2025-10-17,91,0.2493150684931507,call,306.0,0.9922500258279695,12.65,308.3900146484375,0.04400493150684932,0.004,0.1594944569591332,0.1575
2025-07-18,2025-10-17,91,0.2493150684931507,call,307.0,0.9954926729711981,12.15,308.3900146484375,0.04400493150684932,0.004,0.1604701116198981,0.1586
2025-07-18,2025-10-17,91,0.2493150684931507,call,308.0,0.9987353201144268,11.63,308.3900146484375,0.04400493150684932,0.004,0.1608339905503604,0.1577
2025-07-18,2025-10-17,91,0.2493150684931507,call,309.0,1.0019779672576554,11.13,308.3900146484375,0.04400493150684932,0.004,0.16126052098204877,0.1595
2025-07-18,2025-10-17,91,0.2493150684931507,call,310.0,1.0052206144008842,10.63,308.3900146484375,0.04400493150684932,0.004,0.1614230618916252,0.1585
2025-07-18,2025-10-17,91,0.2493150684931507,call,311.0,1.0084632615441127,10.15,308.3900146484375,0.04400493150684932,0.004,0.16165307840004234,0.16010000000000002
2025-07-18,2025-10-17,91,0.2493150684931507,call,312.0,1.0117059086873414,9.58,308.3900146484375,0.04400493150684932,0.004,0.16015910005188908,0.1586
2025-07-18,2025-10-17,91,0.2493150684931507,call,313.0,1.0149485558305702,9.25,308.3900146484375,0.04400493150684932,0.004,0.16232175294897402,0.1602
2025-07-18,2025-10-17,91,0.2493150684931507,call,314.0,1.0181912029737987,8.83,308.3900146484375,0.04400493150684932,0.004,0.1627660796361757,0.16140000000000002
2025-07-18,2025-10-17,91,0.2493150684931507,call,315.0,1.0214338501170275,8.43,308.3900146484375,0.04400493150684932,0.004,0.16328921006327649,0.16079999999999997
2025-07-18,2025-10-17,91,0.2493150684931507,call,316.0,1.024676497260256,8.03,308.3900146484375,0.04400493150684932,0.004,0.1635676409119616,0.16269999999999998
2025-07-18,2025-10-17,91,0.2493150684931507,call,317.0,1.0279191444034848,7.68,308.3900146484375,0.04400493150684932,0.004,0.16442908001184467,0.16329999999999997
2025-07-18,2025-10-17,91,0.2493150684931507,call,318.0,1.0311617915467135,7.33,308.3900146484375,0.04400493150684932,0.004,0.16505737713159568,0.16390000000000002
2025-07-18,2025-10-17,91,0.2493150684931507,call,319.0,1.034404438689942,6.98,308.3900146484375,0.04400493150684932,0.004,0.1654533469229782,0.16440000000000002
2025-07-18,2025-10-17,91,0.2493150684931507,call,320.0,1.0376470858331708,6.63,308.3900146484375,0.04400493150684932,0.004,0.16561615985684586,0.1642
2025-07-18,2025-10-17,91,0.2493150684931507,call,321.0,1.0408897329763993,6.33,308.3900146484375,0.04400493150684932,0.004,0.16640132794346685,0.16670000000000001
2025-07-18,2025-10-17,91,0.2493150684931507,call,322.0,1.044132380119628,6.0,308.3900146484375,0.04400493150684932,0.004,0.16644727685586888,0.1656
2025-07-18,2025-10-17,91,0.2493150684931507,call,323.0,1.0473750272628566,5.73,308.3900146484375,0.04400493150684932,0.004,0.167315529270315,0.1664
2025-07-18,2025-10-17,91,0.2493150684931507,call,324.0,1.0506176744060853,5.43,308.3900146484375,0.04400493150684932,0.004,0.16743960490453536,0.1666
2025-07-18,2025-10-17,91,0.2493150684931507,call,325.0,1.053860321549314,5.18,308.3900146484375,0.04400493150684932,0.004,0.16824354032062253,0.1675
2025-07-18,2025-10-17,91,0.2493150684931507,call,326.0,1.0571029686925426,4.9,308.3900146484375,0.04400493150684932,0.004,0.1682910872911655,0.16760000000000003
2025-07-18,2025-10-17,91,0.2493150684931507,call,327.0,1.0603456158357714,4.65,308.3900146484375,0.04400493150684932,0.004,0.1686762677188127,0.1681
2025-07-18,2025-10-17,91,0.2493150684931507,call,328.0,1.0635882629789999,4.43,308.3900146484375,0.04400493150684932,0.004,0.16942462202792694,0.16870000000000002
2025-07-18,2025-10-17,91,0.2493150684931507,put,289.0,0.9371250243930823,2.05,308.3900146484375,0.04400493150684932,0.004,0.15547874080327873,0.156
2025-07-18,2025-10-17,91,0.2493150684931507,put,290.0,0.940367671536311,2.23,308.3900146484375,0.04400493150684932,0.004,0.1554515924464687,0.1551
2025-07-18,2025-10-17,91,0.2493150684931507,put,291.0,0.9436103186795396,2.41,308.3900146484375,0.04400493150684932,0.004,0.15513211668434418,0.1555
2025-07-18,2025-10-17,91,0.2493150684931507,put,292.0,0.9468529658227682,2.61,308.3900146484375,0.04400493150684932,0.004,0.1550207363338152,0.1552
2025-07-18,2025-10-17,91,0.2493150684931507,put,293.0,0.950095612965997,2.82,308.3900146484375,0.04400493150684932,0.004,0.15485506715891567,0.1551
2025-07-18,2025-10-17,91,0.2493150684931507,put,294.0,0.9533382601092256,3.05,308.3900146484375,0.04400493150684932,0.004,0.15485363738110022,0.1553
2025-07-18,2025-10-17,91,0.2493150684931507,put,295.0,0.9565809072524543,3.3,308.3900146484375,0.04400493150684932,0.004,0.15499161686797572,0.1551
2025-07-18,2025-10-17,91,0.2493150684931507,put,296.0,0.9598235543956829,3.55,308.3900146484375,0.04400493150684932,0.004,0.15483272272000442,0.1549
2025-07-18,2025-10-17,91,0.2493150684931507,put,297.0,0.9630662015389115,3.85,308.3900146484375,0.04400493150684932,0.004,0.15540506413492128,0.15539999999999998
2025-07-18,2025-10-17,91,0.2493150684931507,put,298.0,0.9663088486821402,4.1,308.3900146484375,0.04400493150684932,0.004,0.1546795003889767,0.1545
2025-07-18,2025-10-17,91,0.2493150684931507,put,299.0,0.9695514958253689,4.43,308.3900146484375,0.04400493150684932,0.004,0.15523789237948404,0.1549
2025-07-18,2025-10-17,91,0.2493150684931507,put,300.0,0.9727941429685976,4.78,308.3900146484375,0.04400493150684932,0.004,0.1558604903936612,0.1558
2025-07-18,2025-10-17,91,0.2493150684931507,put,301.0,0.9760367901118262,5.13,308.3900146484375,0.04400493150684932,0.004,0.15617564364716388,0.15560000000000002
2025-07-18,2025-10-17,91,0.2493150684931507,put,302.0,0.9792794372550548,5.5,308.3900146484375,0.04400493150684932,0.004,0.1565583953209589,0.1557
2025-07-18,2025-10-17,91,0.2493150684931507,put,303.0,0.9825220843982835,5.85,308.3900146484375,0.04400493150684932,0.004,0.1562992453759209,0.1555
2025-07-18,2025-10-17,91,0.2493150684931507,put,304.0,0.9857647315415122,6.3,308.3900146484375,0.04400493150684932,0.004,0.15750569240452264,0.1551
2025-07-18,2025-10-17,91,0.2493150684931507,put,305.0,0.9890073786847409,6.68,308.3900146484375,0.04400493150684932,0.004,0.15720957067673483,0.1559
2025-07-18,2025-10-17,91,0.2493150684931507,put,306.0,0.9922500258279695,7.13,308.3900146484375,0.04400493150684932,0.004,0.15783142085078034,0.157
2025-07-18,2025-10-17,91,0.2493150684931507,put,307.0,0.9954926729711981,7.58,308.3900146484375,0.04400493150684932,0.004,0.15817103265747945,0.1565
2025-07-18,2025-10-17,91,0.2493150684931507,put,308.0,0.9987353201144268,8.1,308.3900146484375,0.04400493150684932,0.004,0.15939719996739388,0.15839999999999999
2025-07-18,2025-10-17,91,0.2493150684931507,put,309.0,1.0019779672576554,8.6,308.3900146484375,0.04400493150684932,0.004,0.16001261724916221,0.15789999999999998
2025-07-18,2025-10-17,91,0.2493150684931507,put,310.0,1.0052206144008842,9.08,308.3900146484375,0.04400493150684932,0.004,0.16003232467615572,0.1576
2025-07-18,2025-10-17,91,0.2493150684931507,put,311.0,1.0084632615441127,9.5,308.3900146484375,0.04400493150684932,0.004,0.15881253338086238,0.1564
2025-07-18,2025-10-17,91,0.2493150684931507,put,312.0,1.0117059086873414,10.18,308.3900146484375,0.04400493150684932,0.004,0.1615753068290965,0.1585
2025-07-18,2025-10-17,91,0.2493150684931507,put,313.0,1.0149485558305702,10.78,308.3900146484375,0.04400493150684932,0.004,0.1627749367722415,0.1593
2025-07-18,2025-10-17,91,0.2493150684931507,put,314.0,1.0181912029737987,11.35,308.3900146484375,0.04400493150684932,0.004,0.16323482017776528,0.1595
2025-07-18,2025-10-17,91,0.2493150684931507,put,315.0,1.0214338501170275,11.98,308.3900146484375,0.04400493150684932,0.004,0.16442907683725855,0.1602
2025-07-18,2025-10-17,91,0.2493150684931507,put,316.0,1.024676497260256,12.52,308.3900146484375,0.04400493150684932,0.004,0.16390540932216158,0.1572
2025-07-18,2025-10-17,91,0.2493150684931507,put,317.0,1.0279191444034848,13.18,308.3900146484375,0.04400493150684932,0.004,0.16511461792077095,0.15990000000000001
2025-07-18,2025-10-17,91,0.2493150684931507,put,318.0,1.0311617915467135,13.88,308.3900146484375,0.04400493150684932,0.004,0.1667620341679683,0.1611
2025-07-18,2025-10-17,91,0.2493150684931507,put,319.0,1.034404438689942,14.52,308.3900146484375,0.04400493150684932,0.004,0.16718772696710704,0.161
2025-07-18,2025-10-17,91,0.2493150684931507,put,320.0,1.0376470858331708,15.1,308.3900146484375,0.04400493150684932,0.004,0.16636578454064402,0.162
2025-07-18,2025-10-17,91,0.2493150684931507,put,321.0,1.0408897329763993,15.8,308.3900146484375,0.04400493150684932,0.004,0.16734614118533872,0.15960000000000002
2025-07-18,2025-10-17,91,0.2493150684931507,put,322.0,1.044132380119628,16.65,308.3900146484375,0.04400493150684932,0.004,0.17071286640888195,0.1625
2025-07-18,2025-10-17,91,0.2493150684931507,put,323.0,1.0473750272628566,17.38,308.3900146484375,0.04400493150684932,0.004,0.17182676125216814,0.16269999999999998
2025-07-18,2025-10-17,91,0.2493150684931507,put,324.0,1.0506176744060853,18.13,308.3900146484375,0.04400493150684932,0.004,0.17309856477337154,0.1632
2025-07-18,2025-10-17,91,0.2493150684931507,put,325.0,1.053860321549314,18.9,308.3900146484375,0.04400493150684932,0.004,0.17454234772092694,0.1638
2025-07-18,2025-10-17,91,0.2493150684931507,put,326.0,1.0571029686925426,19.65,308.3900146484375,0.04400493150684932,0.004,0.17544355235668735,0.1635
2025-07-18,2025-10-17,91,0.2493150684931507,put,327.0,1.0603456158357714,20.45,308.3900146484375,0.04400493150684932,0.004,0.17708205702988472,0.16399999999999998
2025-07-18,2025-10-17,91,0.2493150684931507,put,328.0,1.0635882629789999,21.25,308.3900146484375,0.04400493150684932,0.004,0.17855904325206906,0.16440000000000002
2025-07-18,2025-11-21,126,0.3452054794520548,call,285.0,0.9241544358201677,29.9,308.3900146484375,0.0441145205479452,0.004,0.16618776946884564,0.1577
2025-07-18,2025-11-21,126,0.3452054794520548,call,290.0,0.940367671536311,25.98,308.3900146484375,0.0441145205479452,0.004,0.1657212781269717,0.1589
2025-07-18,2025-11-21,126,0.3452054794520548,call,291.0,0.9436103186795396,25.08,308.3900146484375,0.0441145205479452,0.004,0.16285286095005655,0.1562
2025-07-18,2025-11-21,126,0.3452054794520548,call,292.0,0.9468529658227682,24.38,308.3900146484375,0.0441145205479452,0.004,0.1636324553435398,0.1573
2025-07-18,2025-11-21,126,0.3452054794520548,call,293.0,0.950095612965997,23.5,308.3900146484375,0.0441145205479452,0.004,0.1609152211775533,0.1549
2025-07-18,2025-11-21,126,0.3452054794520548,call,294.0,0.9533382601092256,22.98,308.3900146484375,0.0441145205479452,0.004,0.16447460811239875,0.15869999999999998
2025-07-18,2025-11-21,126,0.3452054794520548,call,295.0,0.9565809072524543,22.17,308.3900146484375,0.0441145205479452,0.004,0.1626811749632117,0.1572
2025-07-18,2025-11-21,126,0.3452054794520548,call,296.0,0.9598235543956829,21.3,308.3900146484375,0.0441145205479452,0.004,0.15974836072050014,0.15439999999999998
2025-07-18,2025-11-21,126,0.3452054794520548,call,297.0,0.9630662015389115,20.48,308.3900146484375,0.0441145205479452,0.004,0.15755619518155198,0.1523
2025-07-18,2025-11-21,126,0.3452054794520548,call,298.0,0.9663088486821402,19.95,308.3900146484375,0.0441145205479452,0.004,0.15995971156058342,0.155
2025-07-18,2025-11-21,126,0.3452054794520548,call,299.0,0.9695514958253689,19.33,308.3900146484375,0.0441145205479452,0.004,0.16063381542519756,0.1558
2025-07-18,2025-11-21,126,0.3452054794520548,call,300.0,0.9727941429685976,18.63,308.3900146484375,0.0441145205479452,0.004,0.15983730444423289,0.1552
2025-07-18,2025-11-21,126,0.3452054794520548,call,301.0,0.9760367901118262,18.05,308.3900146484375,0.0441145205479452,0.004,0.16071083517840679,0.1563
2025-07-18,2025-11-21,126,0.3452054794520548,call,302.0,0.9792794372550548,17.38,308.3900146484375,0.0441145205479452,0.004,0.16000125670352178,0.15560000000000002
2025-07-18,2025-11-21,126,0.3452054794520548,call,303.0,0.9825220843982835,16.83,308.3900146484375,0.0441145205479452,0.004,0.16090410101392372,0.1567
2025-07-18,2025-11-21,126,0.3452054794520548,call,304.0,0.9857647315415122,16.38,308.3900146484375,0.0441145205479452,0.004,0.163058584296752,0.159
2025-07-18,2025-11-21,126,0.3452054794520548,call,305.0,0.9890073786847409,15.75,308.3900146484375,0.0441145205479452,0.004,0.16235680144915002,0.1585
2025-07-18,2025-11-21,126,0.3452054794520548,call,306.0,0.9922500258279695,15.18,308.3900146484375,0.0441145205479452,0.004,0.16234284663568363,0.1618
2025-07-18,2025-11-21,126,0.3452054794520548,call,307.0,0.9954926729711981,14.65,308.3900146484375,0.0441145205479452,0.004,0.16271061090226036,0.1591
2025-07-18,2025-11-21,126,0.3452054794520548,call,308.0,0.9987353201144268,13.95,308.3900146484375,0.0441145205479452,0.004,0.160479089091805,0.1577
2025-07-18,2025-11-21,126,0.3452054794520548,call,309.0,1.0019779672576554,13.45,308.3900146484375,0.0441145205479452,0.004,0.160902098293582,0.1564
2025-07-18,2025-11-21,126,0.3452054794520548,call,310.0,1.0052206144008842,12.95,308.3900146484375,0.0441145205479452,0.004,0.16113257768019235,0.1578
2025-07-18,2025-11-21,126,0.3452054794520548,call,311.0,1.0084632615441127,12.48,308.3900146484375,0.0441145205479452,0.004,0.1615924772629888,0.1583
2025-07-18,2025-11-21,126,0.3452054794520548,call,312.0,1.0117059086873414,12.0,308.3900146484375,0.0441145205479452,0.004,0.16172546748475003,0.1586
2025-07-18,2025-11-21,126,0.3452054794520548,call,313.0,1.0149485558305702,11.55,308.3900146484375,0.0441145205479452,0.004,0.16209005072936344,0.1591
2025-07-18,2025-11-21,126,0.3452054794520548,call,314.0,1.0181912029737987,11.1,308.3900146484375,0.0441145205479452,0.004,0.16227144350089773,0.1593
2025-07-18,2025-11-21,126,0.3452054794520548,call,315.0,1.0214338501170275,10.7,308.3900146484375,0.0441145205479452,0.004,0.16296462574812598,0.16149999999999998
2025-07-18,2025-11-21,126,0.3452054794520548,call,316.0,1.024676497260256,10.4,308.3900146484375,0.0441145205479452,0.004,0.16486762543317593,0.16210000000000002
2025-07-18,2025-11-21,126,0.3452054794520548,call,317.0,1.0279191444034848,10.03,308.3900146484375,0.0441145205479452,0.004,0.16562775540778174,0.1628
2025-07-18,2025-11-21,126,0.3452054794520548,call,318.0,1.0311617915467135,9.5,308.3900146484375,0.0441145205479452,0.004,0.16398381692914527,0.1613
2025-07-18,2025-11-21,126,0.3452054794520548,call,319.0,1.034404438689942,9.28,308.3900146484375,0.0441145205479452,0.004,0.16649908252545167,0.1663
2025-07-18,2025-11-21,126,0.3452054794520548,call,320.0,1.0376470858331708,8.83,308.3900146484375,0.0441145205479452,0.004,0.16562432249078393,0.162
2025-07-18,2025-11-21,126,0.3452054794520548,call,321.0,1.0408897329763993,8.45,308.3900146484375,0.0441145205479452,0.004,0.16556055140378964,0.1631
2025-07-18,2025-11-21,126,0.3452054794520548,call,322.0,1.044132380119628,8.13,308.3900146484375,0.0441145205479452,0.004,0.16618289900966637,0.16260000000000002
2025-07-18,2025-11-21,126,0.3452054794520548,call,323.0,1.0473750272628566,7.8,308.3900146484375,0.0441145205479452,0.004,0.16650141738368834,0.1641
2025-07-18,2025-11-21,126,0.3452054794520548,call,324.0,1.0506176744060853,7.5,308.3900146484375,0.0441145205479452,0.004,0.16709382600522193,0.1648
2025-07-18,2025-11-21,126,0.3452054794520548,call,325.0,1.053860321549314,7.23,308.3900146484375,0.0441145205479452,0.004,0.16797164725709268,0.1666
2025-07-18,2025-11-21,126,0.3452054794520548,call,326.0,1.0571029686925426,6.93,308.3900146484375,0.0441145205479452,0.004,0.16825740439878847,0.166
2025-07-18,2025-11-21,126,0.3452054794520548,call,327.0,1.0603456158357714,6.63,308.3900146484375,0.0441145205479452,0.004,0.16838584244758237,0.1661
2025-07-18,2025-11-21,126,0.3452054794520548,call,328.0,1.0635882629789999,6.35,308.3900146484375,0.0441145205479452,0.004,0.16865887400881022,0.16649999999999998
2025-07-18,2025-11-21,126,0.3452054794520548,put,285.0,0.9241544358201677,2.25,308.3900146484375,0.0441145205479452,0.004,0.15734174705467566,0.15689999999999998
2025-07-18,2025-11-21,126,0.3452054794520548,put,290.0,0.940367671536311,3.15,308.3900146484375,0.0441145205479452,0.004,0.1561720346155293,0.15539999999999998
2025-07-18,2025-11-21,126,0.3452054794520548,put,291.0,0.9436103186795396,3.38,308.3900146484375,0.0441145205479452,0.004,0.1563412149409472,0.15560000000000002
2025-07-18,2025-11-21,126,0.3452054794520548,put,292.0,0.9468529658227682,3.68,308.3900146484375,0.0441145205479452,0.004,0.15761118605798113,0.1567
2025-07-18,2025-11-21,126,0.3452054794520548,put,293.0,0.950095612965997,3.85,308.3900146484375,0.0441145205479452,0.004,0.15621051075752349,0.15539999999999998
2025-07-18,2025-11-21,126,0.3452054794520548,put,294.0,0.9533382601092256,4.1,308.3900146484375,0.0441145205479452,0.004,0.1561063481068693,0.1552
2025-07-18,2025-11-21,126,0.3452054794520548,put,295.0,0.9565809072524543,4.38,308.3900146484375,0.0441145205479452,0.004,0.15632231670267324,0.1548
2025-07-18,2025-11-21,126,0.3452054794520548,put,296.0,0.9598235543956829,4.68,308.3900146484375,0.0441145205479452,0.004,0.156660449864393,0.15539999999999998
2025-07-18,2025-11-21,126,0.3452054794520548,put,297.0,0.9630662015389115,5.05,308.3900146484375,0.0441145205479452,0.004,0.15793971077971547,0.1567
2025-07-18,2025-11-21,126,0.3452054794520548,put,298.0,0.9663088486821402,5.4,308.3900146484375,0.0441145205479452,0.004,0.1586336493024706,0.1572
2025-07-18,2025-11-21,126,0.3452054794520548,put,299.0,0.9695514958253689,5.63,308.3900146484375,0.0441145205479452,0.004,0.15718646109118634,0.1563
2025-07-18,2025-11-21,126,0.3452054794520548,put,300.0,0.9727941429685976,5.98,308.3900146484375,0.0441145205479452,0.004,0.15746862616087032,0.1555
2025-07-18,2025-11-21,126,0.3452054794520548,put,301.0,0.9760367901118262,6.35,308.3900146484375,0.0441145205479452,0.004,0.15784759218660965,0.156
2025-07-18,2025-11-21,126,0.3452054794520548,put,302.0,0.9792794372550548,6.73,308.3900146484375,0.0441145205479452,0.004,0.15816622961666343,0.1561
2025-07-18,2025-11-21,126,0.3452054794520548,put,303.0,0.9825220843982835,7.13,308.3900146484375,0.0441145205479452,0.004,0.15857580881126673,0.1561
2025-07-18,2025-11-21,126,0.3452054794520548,put,304.0,0.9857647315415122,7.53,308.3900146484375,0.0441145205479452,0.004,0.1587779072655582,0.1563
2025-07-18,2025-11-21,126,0.3452054794520548,put,305.0,0.9890073786847409,7.98,308.3900146484375,0.0441145205479452,0.004,0.15950742144178306,0.1578
2025-07-18,2025-11-21,126,0.3452054794520548,put,306.0,0.9922500258279695,8.58,308.3900146484375,0.0441145205479452,0.004,0.1621863042889684,0.1568
2025-07-18,2025-11-21,126,0.3452054794520548,put,307.0,0.9954926729711981,8.88,308.3900146484375,0.0441145205479452,0.004,0.16034652834929286,0.1572
2025-07-18,2025-11-21,126,0.3452054794520548,put,308.0,0.9987353201144268,9.38,308.3900146484375,0.0441145205479452,0.004,0.1611774953401922,0.1578
2025-07-18,2025-11-21,126,0.3452054794520548,put,309.0,1.0019779672576554,10.03,308.3900146484375,0.0441145205479452,0.004,0.1639173613331792,0.1603
2025-07-18,2025-11-21,126,0.3452054794520548,put,310.0,1.0052206144008842,10.55,308.3900146484375,0.0441145205479452,0.004,0.1646230802800465,0.16079999999999997
2025-07-18,2025-11-21,126,0.3452054794520548,put,311.0,1.0084632615441127,11.08,308.3900146484375,0.0441145205479452,0.004,0.1652792584602092,0.1611
2025-07-18,2025-11-21,126,0.3452054794520548,put,312.0,1.0117059086873414,11.6,308.3900146484375,0.0441145205479452,0.004,0.16561135446898279,0.1611
2025-07-18,2025-11-21,126,0.3452054794520548,put,313.0,1.0149485558305702,12.02,308.3900146484375,0.0441145205479452,0.004,0.16437620535417316,0.15960000000000002
2025-07-18,2025-11-21,126,0.3452054794520548,put,314.0,1.0181912029737987,12.78,308.3900146484375,0.0441145205479452,0.004,0.16767459996267464,0.1624
2025-07-18,2025-11-21,126,0.3452054794520548,put,315.0,1.0214338501170275,13.33,308.3900146484375,0.0441145205479452,0.004,0.1678862226898178,0.16219999999999998
2025-07-18,2025-11-21,126,0.3452054794520548,put,316.0,1.024676497260256,13.85,308.3900146484375,0.0441145205479452,0.004,0.16750779147584605,0.16149999999999998
2025-07-18,2025-11-21,126,0.3452054794520548,put,317.0,1.0279191444034848,14.58,308.3900146484375,0.0441145205479452,0.004,0.16987503844370896,0.1634
2025-07-18,2025-11-21,126,0.3452054794520548,put,318.0,1.0311617915467135,15.13,308.3900146484375,0.0441145205479452,0.004,0.16957374193511116,0.1625
2025-07-18,2025-11-21,126,0.3452054794520548,put,319.0,1.034404438689942,15.85,308.3900146484375,0.0441145205479452,0.004,0.17148206924736764,0.16399999999999998
2025-07-18,2025-11-21,126,0.3452054794520548,put,320.0,1.0376470858331708,16.53,308.3900146484375,0.0441145205479452,0.004,0.17267763958475835,0.16449999999999998
2025-07-18,2025-11-21,126,0.3452054794520548,put,321.0,1.0408897329763993,17.23,308.3900146484375,0.0441145205479452,0.004,0.17400416103143473,0.1653
2025-07-18,2025-11-21,126,0.3452054794520548,put,322.0,1.044132380119628,17.9,308.3900146484375,0.0441145205479452,0.004,0.1747570479017292,0.1655
2025-07-18,2025-11-21,126,0.3452054794520548,put,323.0,1.0473750272628566,18.6,308.3900146484375,0.0441145205479452,0.004,0.1757896150552314,0.1659
2025-07-18,2025-11-21,126,0.3452054794520548,put,324.0,1.0506176744060853,19.28,308.3900146484375,0.0441145205479452,0.004,0.17638977151580337,0.16579999999999998
2025-07-18,2025-11-21,126,0.3452054794520548,put,325.0,1.053860321549314,20.1,308.3900146484375,0.0441145205479452,0.004,0.17888192116699564,0.1677
2025-07-18,2025-11-21,126,0.3452054794520548,put,326.0,1.0571029686925426,20.85,308.3900146484375,0.0441145205479452,0.004,0.18023399884501456,0.16820000000000002
2025-07-18,2025-11-21,126,0.3452054794520548,put,327.0,1.0603456158357714,21.63,308.3900146484375,0.0441145205479452,0.004,0.18190318803044161,0.16899999999999998
2025-07-18,2025-11-21,126,0.3452054794520548,put,328.0,1.0635882629789999,22.38,308.3900146484375,0.0441145205479452,0.004,0.1830061408866977,0.1691
